stage,date,repository,milestone,what_we_had,what_we_changed,why_we_changed,key_metric,metric_value,model,technical_breakthrough,evidence_commit
Stage 1,2026-08-14,kmbeddedd/kkkk,Initial Multi-Satellite Prototype,Monolithic Keras notebook running BiLSTM-GRU on multi-satellite SP3 dataset,Created working 24-hour multi-step orbit and clock forecasting pipeline,Establish initial feasibility of machine learning for satellite ephemeris prediction,3D Orbit MAE,2051.13 m,Shared Keras BiLSTM-GRU,First working end-to-end GNSS sequence forecaster on 51 satellites,5111eb9
Stage 2,2026-08-14,kmbeddedd/kkkk,Residual Anchor Skip-Connections,Standard recurrent networks suffering trajectory drift and gradient degradation,"Added residual anchor skip-connections, attention pooling, and Huber-smoothness loss",Prevent spatial trajectory collapse over 96-step (24-hour) prediction horizons,Clock MAE,0.0116 m,Enhanced BiLSTM-GRU Forecaster,Residual anchor skip-connections stabilized long-horizon trajectory continuity,865ba2a
Stage 3,2026-08-14,kmbeddedd/kkkk,Hybrid Self-Attention & Diffusion (v3.0),Deterministic recurrent models unable to quantify predictive uncertainty,Combined Multi-Head Self-Attention with DDPM stochastic residual diffusion,Capture multi-scale constellation periodicities and model uncertainty distribution,Normalized 3D MAE,0.6198 m,BiLSTM-GRU-MHSA + DDPM,First multi-task architecture uniting self-attention with stochastic diffusion heads,49cf521
Stage 4,2026-08-17,kmbeddedd/kkkk,"Data Audit, Conformal Calibration & First Physics (v4.0)",Sub-meter metrics masked by unmasked 999999.999 sentinels and data artifacts,"Strict DATA_AUDIT.md, fail-closed promotion policy, RevIN, split-conformal calibration, first RIC utilities",Eliminate false accuracy claims and enforce scientifically honest evaluation,Regression Tests Passing,32 Tests Passing,BiLSTM-GRU-MHSA + RevIN + DDPM,Discovery and documentation of sentinel contamination; fail-closed promotion policy,550514d
Stage 5,2026-08-20,kmbeddedd/kkkk,Clean IGS MGEX Benchmark Pipeline,Contaminated legacy FINAL_Data.csv with irrecoverable sentinels,Built automated fetch and curation pipeline producing CLEAN_GNSS_BENCHMARK.csv,Ensure 100% data provenance and eliminate all synthetic interpolation artifacts,Data Quality Failures,"0 Failures (10,752 Clean Rows)",IGS Pipeline + BiLSTM Bundle,"Certified zero-sentinel, cadence-verified multi-GNSS training dataset",16b59bc
Stage 6,2026-08-20,kmbeddedd/kkkk,ISRO PS-08 Benchmark & Shapiro-Wilk Introduction,Generic MEO datasets evaluated without statistical residual normality testing,Ingested official ISRO SIH PS-08 datasets (GEO/MEO) and introduced Shapiro-Wilk W testing,Align research directly with competition problem statement and statistical requirements,Shapiro-Wilk W_avg (GEO),W = 0.9538 (RF) / 0.9164 (LSTM),OrbitIQ Pretrained LSTM / Random Forest,First empirical evaluation of ISRO SIH datasets using Shapiro-Wilk normality testing,d73d4a9
Stage 7,2026-09-03,kmbeddedd/NeuroNav,Dedicated NeuroNav Architecture & PS-08 Baseline,Fragmented legacy prototype cluttered with expired SP3 experiments and tools,Clean migration to dedicated NeuroNav repository; pure PyTorch BiLSTM baseline for PS-08,"Establish clean, reproducible competition codebase with dedicated identity",Initial 3D MAE (GEO/MEO),5.6796 m (GEO) / 0.2789 m (MEO),NeuroNav PyTorch BiLSTM,"Standalone, highly optimized competition baseline for ISRO PS-08",3f3610e
Stage 8,2026-09-03,kmbeddedd/NeuroNav,Multi-Model Family Benchmarking,Single recurrent model assumption without cross-architecture validation,"Benchmarked 5 diverse model families: RF, Harmonic Ridge, Gaussian Process, Transformer, BiLSTM",Identify inductive biases best suited to smooth orbital vs chaotic clock residuals,MEO Shapiro-Wilk W_avg,W = 0.9680 (Gaussian Process),Multi-Model Suite,Proved that Gaussian Process and Random Forest outperform recurrent models on MEO orbits,c818f3e
Stage 9,2026-09-04,kmbeddedd/NeuroNav,Strict Temporal Leakage Control,Lookahead leakage in rolling feature windows and standard scalers,"Implemented train-only scaling, strictly causal rolling features, and boundary gap purging",Prevent future information leakage and produce scientifically honest validation metrics,Lookahead Contamination,0.00% (Strictly Causal),Leakage-Free Multi-Model Suite,True operational time-series boundary enforcement without forward leakage,0a6451a
Stage 10,2026-09-04,kmbeddedd/NeuroNav,GEO Excursion Regime Discovery,High error spikes and low normality on GEO orbit (W=0.8351) treated as random noise,"Identified station-keeping maneuver cycles; built regime-segmented loss thresholds (10m, 25m, 60m)",Standard regression models collapse when physical station-keeping maneuvers occur,GEO Shapiro-Wilk W_avg,W = 0.9015 (+0.071 gain),GEO Regime Aware Forecaster,Domain breakthrough: GEO errors follow multimodal station-keeping excursion cycles,cb0c8bf
Stage 11,2026-09-04,kmbeddedd/NeuroNav,Adaptive GEO Gated Mixture-of-Experts,Hard regime switching caused boundary discontinuities at threshold crossings,Built 3-expert Mixture-of-Experts with dynamic softmax gating network,"Smoothly transition across quiescent, moderate, and severe excursion regimes",GEO Day-8 W_avg / 3D MAE,W = 0.9250 / 3D MAE = 4.8727 m,GEO Gated MoE (3 Experts),Dynamic neural gating smoothly adapts to station-keeping maneuver intensity,05bbd21
Stage 12,2026-09-04,kmbeddedd/NeuroNav,Harmonic Physics Prior & Spectral Regularization,High-frequency spectral distortion and non-physical trajectory drift over long horizons,Added Keplerian harmonic orbital priors and spectral frequency penalty loss,Constrain neural predictions to physically valid orbital resonance harmonics,Spectral Noise Reduction,Significant High-Freq Suppression,Harmonic Physics Forecaster,Dual-space optimization enforcing both time-domain fidelity and frequency-domain physics,ed88b55
Stage 13,2026-09-04,kmbeddedd/NeuroNav,Official P1/P2/P3 Selection Hierarchy,"Model selection driven by generic MAE/RMSE, violating official hackathon rubric","Implemented exact 3-tier hierarchy: P1 Shapiro-Wilk W (equal weight X,Y,Z,Clock); P2 Bias/Std; P3 Q-Q",Ensure automated model promotion conforms 100% to official competition evaluation rules,Evaluation Rule Compliance,100% Match to Official Rubric,Official Selection Engine,Mathematically deterministic model selection governed by residual normality,e30f802
Stage 14,2026-09-04,kmbeddedd/NeuroNav,Satellite-Specific Registry & Prediction Router,Static global model assignment failing to optimize distinct satellite orbit dynamics,Engineered SatelliteModelRegistry and PredictionRouter with per-satellite calibrated champions,Different satellites require fundamentally different model families for peak normality,Satellite Champions Selected,GEO: MoE | MEO: GP | MEO2: RF,Satellite-Specific Routing Engine,Autonomous per-satellite model dispatch maximizing official W_avg for each vehicle,012dd2e
Stage 15,2026-09-04,kmbeddedd/NeuroNav,Functional Orbital & Solar Radiation Physics,"Synthetic, post-hoc physics calculations discarded before reaching candidate models","Integrated ProvidedStateProvider, NominalStateProvider, RIC projection, Sun-beta, eclipse shadow factor",Provide genuine orbital and solar radiation context without requiring mandatory state vectors,Physics Frame Availability,Full RIC & Solar Context Active,Physics-Aware Pipeline,Adaptive StateProvider seamlessly bridging sparse error telemetry with true orbital mechanics,7307b61
Stage 16,2026-09-04,kmbeddedd/NeuroNav,Production-Grade Single-Satellite System,Decoupled modules requiring manual execution and verification,"Unified single-satellite upload pipeline, comprehensive test suite, robust error handling","Deliver verified, production-grade backend ready for mission-control deployment and GUI integration",Unit Tests Passing,35/35 Tests Passing (100% Pass),NeuroNav Complete System,"Production-ready, satellite-specific, statistically evaluated, physics-aware forecasting architecture",7307b61
