run_id,satellite_id,model,target,n_samples,shapiro_w,p_value,hypothesis_result,alpha,mean,std,mae,rmse,qq_outlier_count
official_competition_run,GEO,persistence,x_error_m,69,0.8695599153451865,3.385701701044254e-06,1,0.05,1.7582551073043475,13.930276525182082,8.797194478347825,13.940290833038762,0
official_competition_run,GEO,persistence,y_error_m,69,0.8211586424648608,1.0716109940903646e-07,1,0.05,0.3405037955797103,19.761212880416437,11.151407495492753,19.620447926585832,1
official_competition_run,GEO,persistence,z_error_m,69,0.8893530149737882,1.712704812376289e-05,1,0.05,1.2714619863623189,10.494602182142517,6.554181634246377,10.495575584459468,2
official_competition_run,GEO,persistence,clock_error_m,69,0.5556320138652366,3.915425768860854e-13,1,0.05,-0.7957831170000003,15.895886762528265,5.987715298826087,15.800331297593468,9
official_competition_run,GEO,harmonic_ridge,x_error_m,69,0.8779394964202936,6.6085402943348315e-06,1,0.05,0.5195106638957974,13.967064919057913,8.627809273324576,13.87521399160185,0
official_competition_run,GEO,harmonic_ridge,y_error_m,69,0.8258093332422527,1.454767939006457e-07,1,0.05,-1.110941310219078,19.748494186184363,11.045572194869168,19.63631827755277,1
official_competition_run,GEO,harmonic_ridge,z_error_m,69,0.9052435752990227,7.053021952157934e-05,1,0.05,2.012821435386145,10.562008910899468,6.90509901626757,10.676644054866824,1
official_competition_run,GEO,harmonic_ridge,clock_error_m,69,0.6006183132230987,2.072243392016572e-12,1,0.05,-1.6871101065316554,16.00260461215886,6.961439624534836,15.975554510649085,8
official_competition_run,GEO,random_forest,x_error_m,69,0.8730736513673262,4.468431353722861e-06,1,0.05,1.5140885623103797,13.895528115421321,8.741225169947956,13.877313222646542,0
official_competition_run,GEO,random_forest,y_error_m,69,0.8241010920728351,1.2995244556347837e-07,1,0.05,0.620898801499435,20.126902370255234,11.503865386511162,19.99016790595794,1
official_competition_run,GEO,random_forest,z_error_m,69,0.8767012648772557,5.977385913681317e-06,1,0.05,2.7134383278550844,10.33039654661157,6.931296132123381,10.608167411755693,3
official_competition_run,GEO,random_forest,clock_error_m,69,0.5559984539229234,3.9669821434281234e-13,1,0.05,-0.636709728469232,16.136122649178176,6.167691437478983,16.031416363312697,9
official_competition_run,GEO,gaussian_process,x_error_m,69,0.8695635291935732,3.3866607998582814e-06,1,0.05,-0.22996801733354957,13.930286874309825,8.344399602080848,13.830886339281962,0
official_competition_run,GEO,gaussian_process,y_error_m,69,0.8211601942637873,1.0717194345721321e-07,1,0.05,-1.5446240539318121,19.761225188464117,10.996538249059183,19.678220876572787,1
official_competition_run,GEO,gaussian_process,z_error_m,69,0.8893674904078072,1.714830008183121e-05,1,0.05,1.2013433510797675,10.494609162494172,6.53762555886639,10.487319080786737,2
official_competition_run,GEO,gaussian_process,clock_error_m,69,0.5556369743988602,3.9161189991544817e-13,1,0.05,-0.7190344891337391,15.895903862372593,5.998571404549365,15.796668784806515,9
official_competition_run,GEO,geo_moe,x_error_m,69,0.8758253194892239,5.569497692501826e-06,1,0.05,0.43742572123247536,13.96916919933892,8.576822452346871,13.87447105099278,0
official_competition_run,GEO,geo_moe,y_error_m,69,0.8235826593195925,1.2559364228538555e-07,1,0.05,-1.5481908148185424,19.718395330046857,10.96948956313675,19.636114878795322,1
official_competition_run,GEO,geo_moe,z_error_m,69,0.9044658843995165,6.563551426792222e-05,1,0.05,0.316278021581932,10.564497423563653,6.949403075878551,10.492431632998661,1
official_competition_run,GEO,geo_moe,clock_error_m,69,0.6040044109973965,2.3614622835124818e-12,1,0.05,-1.9354395466301664,15.98144066028357,7.110947951172736,15.98282919658739,8
official_competition_run,GEO,bilstm_gru,x_error_m,69,0.8746478046364182,5.0668621419651326e-06,1,0.05,0.4956278111258077,13.972030156359002,8.573574932182007,13.879266286473579,0
official_competition_run,GEO,bilstm_gru,y_error_m,69,0.8241948363168075,1.3075746342182976e-07,1,0.05,-0.8667154675640025,19.754893707425786,11.087799875734206,19.630362695732085,1
official_competition_run,GEO,bilstm_gru,z_error_m,69,0.8918825646335035,2.129900640666803e-05,1,0.05,1.6064293580424824,10.479797303119334,6.619022451607659,10.526874343392056,1
official_competition_run,GEO,bilstm_gru,clock_error_m,69,0.559679631065604,4.526032614754983e-13,1,0.05,-0.8547159546854259,15.912328867356264,6.061724283426125,15.819707712216566,9
official_competition_run,GEO,transformer,x_error_m,69,0.8726574812652275,4.32301453480471e-06,1,0.05,-0.81168821092889,13.950885915892547,8.424930361800465,13.873188936704985,0
official_competition_run,GEO,transformer,y_error_m,69,0.8243371458228701,1.3198957416285516e-07,1,0.05,-2.0194980297089162,19.747232708013637,11.108598055376948,19.70736096664672,1
official_competition_run,GEO,transformer,z_error_m,69,0.8883908638713812,1.5774961519058084e-05,1,0.05,0.7504837923976901,10.484597759211711,6.544450513091321,10.43536651050462,2
official_competition_run,GEO,transformer,clock_error_m,69,0.5578380881646516,4.2367416769390193e-13,1,0.05,-0.3345226056221413,15.899236823854169,6.157845446718288,15.787149065851368,9
official_competition_run,GEO,decoupled_clock,x_error_m,69,0.8779394964202936,6.6085402943348315e-06,1,0.05,0.5195106638957974,13.967064919057913,8.627809273324576,13.87521399160185,0
official_competition_run,GEO,decoupled_clock,y_error_m,69,0.8258093332422527,1.454767939006457e-07,1,0.05,-1.110941310219078,19.748494186184363,11.045572194869168,19.63631827755277,1
official_competition_run,GEO,decoupled_clock,z_error_m,69,0.9052435752990227,7.053021952157934e-05,1,0.05,2.012821435386145,10.562008910899468,6.90509901626757,10.676644054866824,1
official_competition_run,GEO,decoupled_clock,clock_error_m,69,0.5626009628205421,5.028027673407232e-13,1,0.05,-0.9668441498833944,15.898249177697673,6.094666745604617,15.812210735350629,8
official_competition_run,GEO,nhits,x_error_m,69,0.9636930168183776,0.042544000318190694,1,0.05,0.3529335288098925,16.103748397606573,11.282583201064048,15.990524019138999,1
official_competition_run,GEO,nhits,y_error_m,69,0.949629464866725,0.007481416347006087,1,0.05,-3.590815315368365,21.854368954397327,15.461809966816833,21.990576688123873,1
official_competition_run,GEO,nhits,z_error_m,69,0.965096544946012,0.05089516695619349,0,0.05,0.4016231130600264,12.79053979078974,9.32939174547425,12.703866540891434,2
official_competition_run,GEO,nhits,clock_error_m,69,0.679018413238399,5.3284571522277546e-11,1,0.05,-0.6599802209464981,16.346890362880977,7.76007631499362,16.241417205869237,6
official_competition_run,MEO-1,persistence,x_error_m,6,0.8375064297227617,0.1242920571347283,0,0.05,0.29141740483333334,0.10143975123433219,0.29141740483333334,0.30577626316507556,0
official_competition_run,MEO-1,persistence,y_error_m,6,0.9298021674956644,0.5785749696096817,0,0.05,-0.7157928281666667,0.438340887396593,0.7157928281666667,0.8200477531773351,0
official_competition_run,MEO-1,persistence,z_error_m,6,0.8435100340500821,0.13935381216845744,0,0.05,-0.13344309049999997,0.27915175258218294,0.27195762416666663,0.2876545541854177,0
official_competition_run,MEO-1,persistence,clock_error_m,6,0.938749072612755,0.6491363640168737,0,0.05,0.2771753405,0.10358532390626361,0.2771753405,0.29286134743582826,0
official_competition_run,MEO-1,harmonic_ridge,x_error_m,6,0.9396262242587354,0.6561885005020496,0,0.05,0.6170545495374135,0.16699928880209788,0.6170545495374135,0.6356075459656628,0
official_competition_run,MEO-1,harmonic_ridge,y_error_m,6,0.928857641175876,0.5713093210215092,0,0.05,-0.26145553163475316,0.45455737227418347,0.3879963458955455,0.4904531906951844,0
official_competition_run,MEO-1,harmonic_ridge,z_error_m,6,0.8793137028135424,0.2659202684438685,0,0.05,0.32520888320206315,0.30897379233980216,0.32520888320206315,0.4304820801623444,0
official_competition_run,MEO-1,harmonic_ridge,clock_error_m,6,0.9159824951972146,0.47690643900537266,0,0.05,0.14517368796344216,0.18858077695079314,0.16580078097159598,0.2251910097518198,0
official_competition_run,MEO-1,random_forest,x_error_m,6,0.8637822525445144,0.20252465056638136,0,0.05,0.21339785682373283,0.10350237533891404,0.21339785682373283,0.23337936937018855,0
official_competition_run,MEO-1,random_forest,y_error_m,6,0.9360102329927337,0.6272458433216682,0,0.05,-0.2551688992197988,0.5050009825309327,0.42130263707963045,0.5269087467737812,0
official_competition_run,MEO-1,random_forest,z_error_m,6,0.8521995457503598,0.16396715222260477,0,0.05,0.04103032611341592,0.2723576006457873,0.20689865343526037,0.25199015824481796,0
official_competition_run,MEO-1,random_forest,clock_error_m,6,0.9111875021334688,0.4442547343202409,0,0.05,0.12034956457902053,0.12419746753407279,0.125165545764144,0.16534265474842655,0
official_competition_run,MEO-1,gaussian_process,x_error_m,6,0.9123666002000858,0.4521479734159864,0,0.05,0.2100874026707197,0.06540453443710652,0.2100874026707197,0.21840675592047973,0
official_competition_run,MEO-1,gaussian_process,y_error_m,6,0.8851958130807462,0.29377584125523665,0,0.05,0.17779246557788272,0.156991723839066,0.20105108034776362,0.2283611801756826,0
official_competition_run,MEO-1,gaussian_process,z_error_m,6,0.835205869264571,0.1189116749825182,0,0.05,-0.014544058217850856,0.08621459375944553,0.05862864088634764,0.08003536578933562,0
official_competition_run,MEO-1,gaussian_process,clock_error_m,6,0.9254344530484022,0.5453336529123776,0,0.05,0.23997861058877634,0.5197564699721752,0.3708113575155163,0.5317067396021985,0
official_competition_run,MEO-1,geo_moe,x_error_m,6,0.9326908674467118,0.6010366723199779,0,0.05,0.7315456638018217,0.16871173317386046,0.7315456638018217,0.7475819457776438,0
official_competition_run,MEO-1,geo_moe,y_error_m,6,0.9386691504190496,0.6484947109641171,0,0.05,-0.3134410107777138,0.482400891679027,0.4315609374346246,0.5405282454672977,0
official_competition_run,MEO-1,geo_moe,z_error_m,6,0.8792222248314542,0.2655043809493203,0,0.05,0.15869978503868326,0.3381773805450738,0.26897970523136155,0.3471151187981647,0
official_competition_run,MEO-1,geo_moe,clock_error_m,6,0.920191442313038,0.5067408656760327,0,0.05,0.04595018442999432,0.19705054660506774,0.1442085102853324,0.18565788711214812,0
official_competition_run,MEO-1,bilstm_gru,x_error_m,6,0.7597452954810043,0.02477135437333272,1,0.05,0.11322201029416092,0.07930927306991975,0.11322201029416092,0.13439069019386596,0
official_competition_run,MEO-1,bilstm_gru,y_error_m,6,0.9011808371948556,0.38095684882932035,0,0.05,0.12120787610512546,0.5660049296259099,0.4789690258481211,0.5307158682986043,0
official_competition_run,MEO-1,bilstm_gru,z_error_m,6,0.8720059714917913,0.2343186562483705,0,0.05,-0.09138763856044647,0.31560117189659925,0.28337692884229376,0.30225008999239433,0
official_competition_run,MEO-1,bilstm_gru,clock_error_m,6,0.788979966063635,0.04667029885723796,1,0.05,0.06851945676971359,0.12870395445295427,0.08513575037644261,0.13601043783183242,0
official_competition_run,MEO-1,transformer,x_error_m,6,0.7893213036419885,0.04700805574855479,1,0.05,0.6602153614726496,0.09766348093952291,0.6602153614726496,0.6662077652270462,0
official_competition_run,MEO-1,transformer,y_error_m,6,0.9215219173699523,0.5163893257728535,0,0.05,0.321571826716402,0.5798374130813876,0.5534050961803213,0.6193420926637825,0
official_competition_run,MEO-1,transformer,z_error_m,6,0.8727153572375386,0.23724475083311414,0,0.05,-0.1766971235055387,0.33224063290195416,0.32153987413700974,0.3510105486273988,0
official_competition_run,MEO-1,transformer,clock_error_m,6,0.7954751398372436,0.05349427209965519,0,0.05,0.010941814259320741,0.12909972817652557,0.10307462564730109,0.11835824071575865,0
official_competition_run,MEO-1,decoupled_clock,x_error_m,6,0.9396262242587354,0.6561885005020496,0,0.05,0.6170545495374135,0.16699928880209788,0.6170545495374135,0.6356075459656628,0
official_competition_run,MEO-1,decoupled_clock,y_error_m,6,0.928857641175876,0.5713093210215092,0,0.05,-0.26145553163475316,0.45455737227418347,0.3879963458955455,0.4904531906951844,0
official_competition_run,MEO-1,decoupled_clock,z_error_m,6,0.8793137028135424,0.2659202684438685,0,0.05,0.32520888320206315,0.30897379233980216,0.32520888320206315,0.4304820801623444,0
official_competition_run,MEO-1,decoupled_clock,clock_error_m,6,0.8596920455627579,0.18811208540437174,0,0.05,0.2333210408584183,0.7437484065760879,0.4669672453582441,0.717918369322711,0
official_competition_run,MEO-1,nhits,x_error_m,6,0.9753988110571066,0.9265351935683253,0,0.05,-0.09728288259470687,0.2785841843280628,0.2327966148579114,0.2722833983996189,0
official_competition_run,MEO-1,nhits,y_error_m,6,0.9057386352303528,0.40896005354023235,0,0.05,0.4959931823842772,0.3967923341982755,0.4959931823842772,0.6141764410198257,0
official_competition_run,MEO-1,nhits,z_error_m,6,0.803282191434872,0.0628963342106904,0,0.05,-0.8187841502307128,0.6541970644477055,0.8187841502307128,1.013435896975742,0
official_competition_run,MEO-1,nhits,clock_error_m,6,0.8963152379809218,0.3526079495715781,0,0.05,0.017861821135287264,0.23510847181685132,0.19373434323421598,0.21536567179485291,0
official_competition_run,MEO-2,persistence,x_error_m,18,0.8556226419250209,0.010400070682285375,1,0.05,0.22789107366666672,0.23157301945697056,0.23278843755555562,0.32028296716533367,0
official_competition_run,MEO-2,persistence,y_error_m,18,0.8659019033567247,0.01524152157017015,1,0.05,-0.09293720605555555,0.056376214534622035,0.10146418516666666,0.10788434019272256,1
official_competition_run,MEO-2,persistence,z_error_m,18,0.8039545436670799,0.0017282905111246027,1,0.05,-0.01524387816666666,0.22083760572720235,0.13097058683333332,0.2151562717014696,1
official_competition_run,MEO-2,persistence,clock_error_m,18,0.7090220316439344,0.00010186264351233876,1,0.05,-0.011370283944444441,0.05255678173655098,0.0354320195,0.05232630559827332,1
official_competition_run,MEO-2,harmonic_ridge,x_error_m,18,0.8264618409272788,0.0036830646585807457,1,0.05,0.06710678770301799,0.21843061874986694,0.15496980156455742,0.22263106947635838,0
official_competition_run,MEO-2,harmonic_ridge,y_error_m,18,0.9241158509182331,0.15289044595006474,0,0.05,-0.08010533634766265,0.11832205018116593,0.12304972250345173,0.14013988981430162,0
official_competition_run,MEO-2,harmonic_ridge,z_error_m,18,0.8392899258596096,0.005766704947424024,1,0.05,-0.0038889849492013654,0.2231141586735366,0.13687370780684147,0.21686286095147178,1
official_competition_run,MEO-2,harmonic_ridge,clock_error_m,18,0.7227224807008968,0.00014854919053712646,1,0.05,0.021558734131628274,0.055478382507795056,0.03572180161931731,0.05806580943159281,1
official_competition_run,MEO-2,random_forest,x_error_m,18,0.9263397532146559,0.16737804060896178,0,0.05,-0.019476188886242266,0.25978739628830577,0.19637000256462717,0.2532180819414539,0
official_competition_run,MEO-2,random_forest,y_error_m,18,0.9748614749380533,0.8824395472104443,0,0.05,-0.07280144753419679,0.10258915379535903,0.10517690470197016,0.1234499448348179,0
official_competition_run,MEO-2,random_forest,z_error_m,18,0.9006243060540494,0.05891495337163693,0,0.05,0.07403795438321042,0.2695710869480347,0.19394689580987087,0.272237114991322,0
official_competition_run,MEO-2,random_forest,clock_error_m,18,0.6662144669575717,3.3165832369872855e-05,1,0.05,0.0017033923185284367,0.049594498364094484,0.026161011464399545,0.04822728041541062,1
official_competition_run,MEO-2,gaussian_process,x_error_m,18,0.787405551898807,0.001013915794281059,1,0.05,0.013631081625035433,0.2077059192938582,0.14843966772852868,0.2023135968432623,0
official_competition_run,MEO-2,gaussian_process,y_error_m,18,0.9155742473894868,0.10792930420662028,0,0.05,0.07276594789036415,0.07568875036839179,0.07935775328246925,0.10346692304319768,0
official_competition_run,MEO-2,gaussian_process,z_error_m,18,0.7513991412343933,0.00033779129388143594,1,0.05,-0.06408257399767867,0.18987369738935614,0.12147773209589961,0.1953348591448093,1
official_competition_run,MEO-2,gaussian_process,clock_error_m,18,0.7091523542439288,0.00010222440024574733,1,0.05,0.008461721797497457,0.052556069765585675,0.028835261179387468,0.05177150718970987,1
official_competition_run,MEO-2,geo_moe,x_error_m,18,0.8296119780658888,0.004106879401482335,1,0.05,0.10426516382989634,0.21837368938191726,0.15944555133793972,0.23645086389202677,0
official_competition_run,MEO-2,geo_moe,y_error_m,18,0.9201788471834068,0.1302187309347287,0,0.05,-0.02739084357607372,0.11734106182745858,0.09681886622529423,0.11727848411558317,0
official_competition_run,MEO-2,geo_moe,z_error_m,18,0.8342038726946756,0.004820144616192127,1,0.05,0.0027216079743433153,0.22040576527994757,0.13370954977446292,0.21421319234795777,1
official_competition_run,MEO-2,geo_moe,clock_error_m,18,0.7267049611686749,0.0001660636513848376,1,0.05,0.008622426309884471,0.05587379940447847,0.031008199446638296,0.05497990393296812,1
official_competition_run,MEO-2,bilstm_gru,x_error_m,18,0.8434047407276701,0.0066769098250761445,1,0.05,0.13238956941860067,0.22580410877249676,0.17656416684202383,0.25628471469901193,0
official_competition_run,MEO-2,bilstm_gru,y_error_m,18,0.8719963520906965,0.019195469461273026,1,0.05,-0.03232273340034069,0.06223323714523638,0.05568427009636043,0.06857528401335844,1
official_competition_run,MEO-2,bilstm_gru,z_error_m,18,0.8253635042785407,0.003546453085023756,1,0.05,0.05704881265148839,0.2285881855514566,0.15283778752211313,0.22935606745383966,1
official_competition_run,MEO-2,bilstm_gru,clock_error_m,18,0.7121658990200858,0.00011098313489206174,1,0.05,0.0032742721566072076,0.05218673945513275,0.028436681566634717,0.05082197885270377,1
official_competition_run,MEO-2,transformer,x_error_m,18,0.852179076659553,0.009167739023493795,1,0.05,0.19100706006553594,0.22943115006580034,0.20778523685634806,0.29359492506745816,0
official_competition_run,MEO-2,transformer,y_error_m,18,0.8590870675721952,0.01181854581913448,1,0.05,0.016861175156621843,0.058467547749130114,0.04130262563582642,0.05926920995408568,1
official_competition_run,MEO-2,transformer,z_error_m,18,0.8133736841090118,0.002361373107923603,1,0.05,0.06534648505771139,0.2234108138399615,0.15460530312476614,0.226736949343891,1
official_competition_run,MEO-2,transformer,clock_error_m,18,0.7119495151483527,0.00011032831306538373,1,0.05,-0.0024824576670853483,0.052039118854116446,0.030122964418187872,0.05063382426696289,1
official_competition_run,MEO-2,decoupled_clock,x_error_m,18,0.8264618409272788,0.0036830646585807457,1,0.05,0.06710678770301799,0.21843061874986694,0.15496980156455742,0.22263106947635838,0
official_competition_run,MEO-2,decoupled_clock,y_error_m,18,0.9241158509182331,0.15289044595006474,0,0.05,-0.08010533634766265,0.11832205018116593,0.12304972250345173,0.14013988981430162,0
official_competition_run,MEO-2,decoupled_clock,z_error_m,18,0.8392899258596096,0.005766704947424024,1,0.05,-0.0038889849492013654,0.2231141586735366,0.13687370780684147,0.21686286095147178,1
official_competition_run,MEO-2,decoupled_clock,clock_error_m,18,0.7104063004302106,0.00010577597324086531,1,0.05,0.014639669149326743,0.05253055349429423,0.030420934679648,0.0531081508117157,1
official_competition_run,MEO-2,nhits,x_error_m,18,0.8910499003610647,0.040226825279471995,1,0.05,0.14725118469476325,0.23063755740107086,0.19501117826870487,0.2681816356003532,0
official_competition_run,MEO-2,nhits,y_error_m,18,0.908587565221543,0.08124267708428667,0,0.05,0.08789356570595726,0.05988196336540501,0.08870340380073086,0.10541306639057837,0
official_competition_run,MEO-2,nhits,z_error_m,18,0.8580229858770655,0.011362238104348372,1,0.05,-0.21769565427005755,0.2163043424104296,0.22956138214904984,0.3026213096760238,1
official_competition_run,MEO-2,nhits,clock_error_m,18,0.7048413454069961,9.095230832063563e-05,1,0.05,0.012150209200714118,0.0551125720259837,0.030335450309903225,0.054920660768060695,1
