run_id,satellite_id,model,rank,is_winner,selection_reason,W_avg,W_X,W_Y,W_Z,W_Clock,p_avg,p_X,p_Y,p_Z,p_Clock,H_X,H_Y,H_Z,H_Clock,total_rejected_tests,mean_aggregate,mean_X,mean_Y,mean_Z,mean_Clock,std_aggregate,std_X,std_Y,std_Z,std_Clock,qq_outliers_total,orbit_3d_vector_mae_m,clock_mae_m,sisre_mean_m
official_competition_run,GEO,nhits,1,True,nhits won vs harmonic_ridge: Priority 1: Higher Shapiro-Wilk W_avg (0.889359 vs 0.802403),0.8893593599673784,0.9636930168183776,0.949629464866725,0.965096544946012,0.679018413238399,0.025230145918668713,0.042544000318190694,0.007481416347006087,0.05089516695619349,5.3284571522277546e-11,1,1,0,1,3,1.2513380445461955,0.3529335288098925,-3.590815315368365,0.4016231130600264,-0.6599802209464981,16.77388687641865,16.103748397606573,21.854368954397327,12.79053979078974,16.346890362880977,10,23.52719154169518,7.76007631499362,14.724844188288648
official_competition_run,GEO,harmonic_ridge,2,False,Rank 2,0.802402679546167,0.8779394964202936,0.8258093332422527,0.9052435752990227,0.6006183132230987,1.9321059670514552e-05,6.6085402943348315e-06,1.454767939006457e-07,7.053021952157934e-05,2.072243392016572e-12,1,1,1,1,4,1.332595879008169,0.5195106638957974,-1.110941310219078,2.012821435386145,-1.6871101065316554,15.070043157075151,13.967064919057913,19.748494186184363,10.562008910899468,16.00260461215886,10,16.912939708019064,6.961439624534836,11.191851636164113
official_competition_run,GEO,geo_moe,3,False,Rank 3,0.8019695685514323,0.8758253194892239,0.8235826593195925,0.9044658843995165,0.6040044109973965,1.783265199104293e-05,5.569497692501826e-06,1.2559364228538555e-07,6.563551426792222e-05,2.3614622835124818e-12,1,1,1,1,4,1.059333526065779,0.43742572123247536,-1.5481908148185424,0.316278021581932,-1.9354395466301664,15.058375653308248,13.96916919933892,19.718395330046857,10.564497423563653,15.98144066028357,10,16.919416353358994,7.110947951172736,11.274923333778343
official_competition_run,GEO,decoupled_clock,4,False,Rank 4,0.7928983419455278,0.8779394964202936,0.8258093332422527,0.9052435752990227,0.5626009628205421,1.9321059278154397e-05,6.6085402943348315e-06,1.454767939006457e-07,7.053021952157934e-05,5.028027673407232e-13,1,1,1,1,4,1.1525293898461038,0.5195106638957974,-1.110941310219078,2.012821435386145,-0.9668441498833944,15.043954298459854,13.967064919057913,19.748494186184363,10.562008910899468,15.898249177697673,10,16.912939708019064,6.094666745604617,10.949819941477365
official_competition_run,GEO,bilstm_gru,5,False,Rank 5,0.7876012091630833,0.8746478046364182,0.8241948363168075,0.8918825646335035,0.559679631065604,6.6241566161645635e-06,5.0668621419651326e-06,1.3075746342182976e-07,2.129900640666803e-05,4.526032614754983e-13,1,1,1,1,4,0.9558721478544296,0.4956278111258077,-0.8667154675640025,1.6064293580424824,-0.8547159546854259,15.029762508565097,13.972030156359002,19.754893707425786,10.479797303119334,15.912328867356264,11,16.70564309195533,6.061724283426125,10.924511136367585
official_competition_run,GEO,transformer,6,False,Rank 6,0.7858058947810327,0.8726574812652275,0.8243371458228701,0.8883908638713812,0.5578380881646516,5.057491512924954e-06,4.32301453480471e-06,1.3198957416285516e-07,1.5774961519058084e-05,4.2367416769390193e-13,1,1,1,1,4,0.9790481596644094,-0.81168821092889,-2.0194980297089162,0.7504837923976901,-0.3345226056221413,15.020488301743015,13.950885915892547,19.747232708013637,10.484597759211711,15.899236823854169,12,16.552754985152127,6.157845446718288,11.168206643717678
official_competition_run,GEO,gaussian_process,7,False,Rank 7,0.7839320470660069,0.8695635291935732,0.8211601942637873,0.8893674904078072,0.5556369743988602,5.160533304189651e-06,3.3866607998582814e-06,1.0717194345721321e-07,1.714830008183121e-05,3.9161189991544817e-13,1,1,1,1,4,0.9237424778697171,-0.22996801733354957,-1.5446240539318121,1.2013433510797675,-0.7190344891337391,15.020506271910175,13.930286874309825,19.761225188464117,10.494609162494172,15.895903862372593,12,16.432361079122305,5.998571404549365,10.926092832506148
official_competition_run,GEO,persistence,8,False,Rank 8,0.7839258966622681,0.8695599153451865,0.8211586424648608,0.8893530149737882,0.5556320138652366,5.154977828939688e-06,3.385701701044254e-06,1.0716109940903646e-07,1.712704812376289e-05,3.915425768860854e-13,1,1,1,1,4,1.0415010015615942,1.7582551073043475,0.3405037955797103,1.2714619863623189,-0.7957831170000003,15.020494587567324,13.930276525182082,19.761212880416437,10.494602182142517,15.895886762528265,12,16.926753515294763,5.987715298826087,10.955452054690584
official_competition_run,GEO,random_forest,9,False,Rank 9,0.7824686155600852,0.8730736513673262,0.8241010920728351,0.8767012648772557,0.5559984539229234,2.6439425274164675e-06,4.468431353722861e-06,1.2995244556347837e-07,5.977385913681317e-06,3.9669821434281234e-13,1,1,1,1,4,1.371283855033533,1.5140885623103797,0.620898801499435,2.7134383278550844,-0.636709728469232,15.122237420366574,13.895528115421321,20.126902370255234,10.33039654661157,16.136122649178176,13,17.279472459933732,6.167691437478983,11.397026620065132
official_competition_run,MEO-1,geo_moe,1,True,geo_moe won vs harmonic_ridge: Priority 1: Higher Shapiro-Wilk W_avg (0.917693 vs 0.915945),0.9176934212525634,0.9326908674467118,0.9386691504190496,0.8792222248314542,0.920191442313038,0.505444157477362,0.6010366723199779,0.6484947109641171,0.2655043809493203,0.5067408656760327,0,0,0,0,0,0.3124091610120533,0.7315456638018217,-0.3134410107777138,0.15869978503868326,0.04595018442999432,0.29658513800075725,0.16871173317386046,0.482400891679027,0.3381773805450738,0.19705054660506774,0,0.9653167030214432,0.1442085102853324,0.3564038734491799
official_competition_run,MEO-1,harmonic_ridge,2,False,Rank 2,0.915945015861342,0.9396262242587354,0.928857641175876,0.8793137028135424,0.9159824951972146,0.4925811322432,0.6561885005020496,0.5713093210215092,0.2659202684438685,0.47690643900537266,0,0,0,0,0,0.337223163084418,0.6170545495374135,-0.26145553163475316,0.32520888320206315,0.14517368796344216,0.27977780759171916,0.16699928880209788,0.45455737227418347,0.30897379233980216,0.18858077695079314,0,0.8837691373765542,0.16580078097159598,0.30107437948744176
official_competition_run,MEO-1,decoupled_clock,3,False,Rank 3,0.9018724034527279,0.9396262242587354,0.928857641175876,0.8793137028135424,0.8596920455627579,0.4203825438429498,0.6561885005020496,0.5713093210215092,0.2659202684438685,0.18811208540437174,0,0,0,0,0,0.35926000130816205,0.6170545495374135,-0.26145553163475316,0.32520888320206315,0.2333210408584183,0.41856971499804285,0.16699928880209788,0.45455737227418347,0.30897379233980216,0.7437484065760879,0,0.8837691373765542,0.4669672453582441,0.555128518756158
official_competition_run,MEO-1,nhits,4,False,Rank 4,0.8951837189258132,0.9753988110571066,0.9057386352303528,0.803282191434872,0.8963152379809218,0.4377498827227065,0.9265351935683253,0.40896005354023235,0.0628963342106904,0.3526079495715781,0,0,0,0,0,0.35748050908624607,-0.09728288259470687,0.4959931823842772,-0.8187841502307128,0.017861821135287264,0.39117051369772377,0.2785841843280628,0.3967923341982755,0.6541970644477055,0.23510847181685132,0,1.1316666638430146,0.19373434323421598,0.5324466224843952
official_competition_run,MEO-1,random_forest,5,False,Rank 5,0.8907948833552692,0.8637822525445144,0.9360102329927337,0.8521995457503598,0.9111875021334688,0.3594980951077238,0.20252465056638136,0.6272458433216682,0.16396715222260477,0.4442547343202409,0,0,0,0,0,0.15748666168399203,0.21339785682373283,-0.2551688992197988,0.04103032611341592,0.12034956457902053,0.2512646065124267,0.10350237533891404,0.5050009825309327,0.2723576006457873,0.12419746753407279,0,0.5662743941923536,0.125165545764144,0.2671979530878689
official_competition_run,MEO-1,gaussian_process,6,False,Rank 6,0.8895506838984513,0.9123666002000858,0.8851958130807462,0.835205869264571,0.9254344530484022,0.3525422856415297,0.4521479734159864,0.29377584125523665,0.1189116749825182,0.5453336529123776,0,0,0,0,0,0.1606006342638074,0.2100874026707197,0.17779246557788272,-0.014544058217850856,0.23997861058877634,0.2070918305019483,0.06540453443710652,0.156991723839066,0.08621459375944553,0.5197564699721752,0,0.3098798787681022,0.3708113575155163,0.40146550579479956
official_competition_run,MEO-1,persistence,7,False,Rank 7,0.8873919259703158,0.8375064297227617,0.9298021674956644,0.8435100340500821,0.938749072612755,0.37283930073243526,0.1242920571347283,0.5785749696096817,0.13935381216845744,0.6491363640168737,0,0,0,0,0,0.35445716599999993,0.29141740483333334,-0.7157928281666667,-0.13344309049999997,0.2771753405,0.23062942877984294,0.10143975123433219,0.438340887396593,0.27915175258218294,0.10358532390626361,0,0.8566226649299479,0.2771753405,0.6046952108812115
official_competition_run,MEO-1,transformer,8,False,Rank 8,0.8447584295216808,0.7893213036419885,0.9215219173699523,0.8727153572375386,0.7954751398372436,0.2135341011135444,0.04700805574855479,0.5163893257728535,0.23724475083311414,0.05349427209965519,1,0,0,0,1,0.2923565314884778,0.6602153614726496,0.321571826716402,-0.1766971235055387,0.010941814259320741,0.28471031377484757,0.09766348093952291,0.5798374130813876,0.33224063290195416,0.12909972817652557,0,0.9549575052243812,0.10307462564730109,0.29700304774456016
official_competition_run,MEO-1,bilstm_gru,9,False,Rank 9,0.8304780175578215,0.7597452954810043,0.9011808371948556,0.8720059714917913,0.788979966063635,0.17167928957706538,0.02477135437333272,0.38095684882932035,0.2343186562483705,0.04667029885723796,1,0,0,1,2,0.0985842454323616,0.11322201029416092,0.12120787610512546,-0.09138763856044647,0.06851945676971359,0.27240483226134576,0.07930927306991975,0.5660049296259099,0.31560117189659925,0.12870395445295427,0,0.6055886591961331,0.08513575037644261,0.2861973985162088
official_competition_run,MEO-2,random_forest,1,True,random_forest won vs nhits: Priority 1: Higher Shapiro-Wilk W_avg (0.867010 vs 0.840625),0.8670100002910825,0.9263397532146559,0.9748614749380533,0.9006243060540494,0.6662144669575717,0.2771914267558532,0.16737804060896178,0.8824395472104443,0.05891495337163693,3.3165832369872855e-05,0,0,0,1,1,0.04200474578054448,-0.019476188886242266,-0.07280144753419679,0.07403795438321042,0.0017033923185284367,0.1703855338489485,0.25978739628830577,0.10258915379535903,0.2695710869480347,0.049594498364094484,1,0.3265961917598889,0.026161011464399545,0.17328814532675893
official_competition_run,MEO-2,nhits,2,False,Rank 2,0.8406254492166673,0.8910499003610647,0.908587565221543,0.8580229858770655,0.7048413454069961,0.03323067319410691,0.040226825279471995,0.08124267708428667,0.011362238104348372,9.095230832063563e-05,1,0,1,1,3,0.11624765346787305,0.14725118469476325,0.08789356570595726,-0.21769565427005755,0.012150209200714118,0.1404841088007223,0.23063755740107086,0.05988196336540501,0.2163043424104296,0.0551125720259837,2,0.34416854127108915,0.030335450309903225,0.18639495647728727
official_competition_run,MEO-2,harmonic_ridge,3,False,Rank 3,0.8281475246015046,0.8264618409272788,0.9241158509182331,0.8392899258596096,0.7227224807008968,0.04062219118665166,0.0036830646585807457,0.15289044595006474,0.005766704947424024,0.00014854919053712646,1,0,1,1,3,0.04316496078287757,0.06710678770301799,-0.08010533634766265,-0.0038889849492013654,0.021558734131628274,0.1538363025280911,0.21843061874986694,0.11832205018116593,0.2231141586735366,0.055478382507795056,2,0.27385697686381794,0.03572180161931731,0.1412942537997029
official_competition_run,MEO-2,geo_moe,4,False,Rank 4,0.8276749147781615,0.8296119780658888,0.9201788471834068,0.8342038726946756,0.7267049611686749,0.03482795465094699,0.004106879401482335,0.1302187309347287,0.004820144616192127,0.0001660636513848376,1,0,1,1,3,0.03575001042254946,0.10426516382989634,-0.02739084357607372,0.0027216079743433153,0.008622426309884471,0.15299857897345046,0.21837368938191726,0.11734106182745858,0.22040576527994757,0.05587379940447847,2,0.26110140805053295,0.031008199446638296,0.10886673425457495
official_competition_run,MEO-2,decoupled_clock,5,False,Rank 5,0.825068479533833,0.8264618409272788,0.9241158509182331,0.8392899258596096,0.7104063004302106,0.040611497882327596,0.0036830646585807457,0.15289044595006474,0.005766704947424024,0.00010577597324086531,1,0,1,1,3,0.041435194537302183,0.06710678770301799,-0.08010533634766265,-0.0038889849492013654,0.014639669149326743,0.15309934527471591,0.21843061874986694,0.11832205018116593,0.2231141586735366,0.05253055349429423,2,0.27385697686381794,0.030420934679648,0.1393178041841652
official_competition_run,MEO-2,bilstm_gru,6,False,Rank 6,0.8132326240292482,0.8434047407276701,0.8719963520906965,0.8253635042785407,0.7121658990200858,0.007382453876566247,0.0066769098250761445,0.019195469461273026,0.003546453085023756,0.00011098313489206174,1,1,1,1,4,0.05625884690675924,0.13238956941860067,-0.03232273340034069,0.05704881265148839,0.0032742721566072076,0.14220306773108063,0.22580410877249676,0.06223323714523638,0.2285881855514566,0.05218673945513275,3,0.2672984120266745,0.028436681566634717,0.10669375917274654
official_competition_run,MEO-2,transformer,7,False,Rank 7,0.8091473358722782,0.852179076659553,0.8590870675721952,0.8133736841090118,0.7119495151483527,0.005864496565904315,0.009167739023493795,0.01181854581913448,0.002361373107923603,0.00011032831306538373,1,1,1,1,4,0.06892429448673862,0.19100706006553594,0.016861175156621843,0.06534648505771139,-0.0024824576670853483,0.1408371576272521,0.22943115006580034,0.058467547749130114,0.2234108138399615,0.052039118854116446,3,0.28743257133758704,0.030122964418187872,0.10301178440318816
official_competition_run,MEO-2,persistence,8,False,Rank 8,0.8086252801481899,0.8556226419250209,0.8659019033567247,0.8039545436670799,0.7090220316439344,0.0068679363517731165,0.010400070682285375,0.01524152157017015,0.0017282905111246027,0.00010186264351233876,1,1,1,1,4,0.08686061045833335,0.22789107366666672,-0.09293720605555555,-0.01524387816666666,-0.011370283944444441,0.14033590536383647,0.23157301945697056,0.056376214534622035,0.22083760572720235,0.05255678173655098,3,0.3193295248052877,0.0354320195,0.12160476075371153
official_competition_run,MEO-2,gaussian_process,9,False,Rank 9,0.790882823691654,0.787405551898807,0.9155742473894868,0.7513991412343933,0.7091523542439288,0.027345808923757133,0.001013915794281059,0.10792930420662028,0.00033779129388143594,0.00010222440024574733,1,0,1,1,3,0.03973533132764393,0.013631081625035433,0.07276594789036415,-0.06408257399767867,0.008461721797497457,0.13145610920429796,0.2077059192938582,0.07568875036839179,0.18987369738935614,0.052556069765585675,2,0.23446090760573826,0.028835261179387468,0.12301841644372138
