validation_day,gate_min,lambda,W,n_blended
2025-09-02,360,0.05,0.9614936076454785,9
2025-09-02,360,0.1,0.962668381690978,9
2025-09-02,360,0.15,0.9637559866677543,9
2025-09-02,360,0.2,0.9646902128874973,9
2025-09-02,360,0.3,0.9659492601938006,9
2025-09-02,360,0.4,0.9693174354533953,9
2025-09-02,480,0.05,0.9614936076454785,9
2025-09-02,480,0.1,0.962668381690978,9
2025-09-02,480,0.15,0.9637559866677543,9
2025-09-02,480,0.2,0.9646902128874973,9
2025-09-02,480,0.3,0.9659492601938006,9
2025-09-02,480,0.4,0.9693174354533953,9
2025-09-02,600,0.05,0.9624185396262814,8
2025-09-02,600,0.1,0.9644480597610237,8
2025-09-02,600,0.15,0.9662589476418655,8
2025-09-02,600,0.2,0.9676908842756362,8
2025-09-02,600,0.3,0.9708021559586524,8
2025-09-02,600,0.4,0.971853649015969,8
2025-09-02,720,0.05,0.9625710771067209,7
2025-09-02,720,0.1,0.9641840559276565,7
2025-09-02,720,0.15,0.9661573397548713,7
2025-09-02,720,0.2,0.9674293700852745,7
2025-09-02,720,0.3,0.9695275001536201,7
2025-09-02,720,0.4,0.9693892966861406,7
2025-09-02,840,0.05,0.9617093864645976,6
2025-09-02,840,0.1,0.9617840404886573,6
2025-09-02,840,0.15,0.9623937559240157,6
2025-09-02,840,0.2,0.9639929141754373,6
2025-09-02,840,0.3,0.9608877251269735,6
2025-09-02,840,0.4,0.9533146018053178,6
2025-09-02,960,0.05,0.9608100245998203,5
2025-09-02,960,0.1,0.9590794688557268,5
2025-09-02,960,0.15,0.9568900238981827,5
2025-09-02,960,0.2,0.9539558729999061,5
2025-09-02,960,0.3,0.93958497982041,5
2025-09-02,960,0.4,0.9203539855842522,5
2025-09-02,1200,0.05,0.9561908329946776,3
2025-09-02,1200,0.1,0.9479068033899816,3
2025-09-02,1200,0.15,0.9392668009041854,3
2025-09-02,1200,0.2,0.9266069061950961,3
2025-09-02,1200,0.3,0.9158587431293239,3
2025-09-02,1200,0.4,0.9240279378459748,3
2025-09-03,360,0.05,0.9598474855765111,9
2025-09-03,360,0.1,0.9585221182627656,9
2025-09-03,360,0.15,0.9526992125021434,9
2025-09-03,360,0.2,0.9434100008986737,9
2025-09-03,360,0.3,0.9130359600005217,9
2025-09-03,360,0.4,0.8905385176616314,9
2025-09-03,480,0.05,0.9604003519022768,8
2025-09-03,480,0.1,0.9600207519786804,8
2025-09-03,480,0.15,0.9555066268801048,8
2025-09-03,480,0.2,0.9478081907082665,8
2025-09-03,480,0.3,0.9206926787069866,8
2025-09-03,480,0.4,0.9017266039903096,8
2025-09-03,600,0.05,0.9601201233578862,7
2025-09-03,600,0.1,0.9599121512802613,7
2025-09-03,600,0.15,0.9560435370325465,7
2025-09-03,600,0.2,0.9494358217368803,7
2025-09-03,600,0.3,0.9251890885348024,7
2025-09-03,600,0.4,0.9075261019899916,7
2025-09-03,720,0.05,0.9593027640145136,6
2025-09-03,720,0.1,0.9577472368827562,6
2025-09-03,720,0.15,0.9515673068491444,6
2025-09-03,720,0.2,0.9417336593204015,6
2025-09-03,720,0.3,0.9106239599270654,6
2025-09-03,720,0.4,0.8908780678823728,6
2025-09-03,840,0.05,0.959751110145031,5
2025-09-03,840,0.1,0.957637417672493,5
2025-09-03,840,0.15,0.9497954345491971,5
2025-09-03,840,0.2,0.9377614935838133,5
2025-09-03,840,0.3,0.8999450074480382,5
2025-09-03,840,0.4,0.8711992308588474,5
2025-09-03,960,0.05,0.9630972660183588,4
2025-09-03,960,0.1,0.9619980452180401,4
2025-09-03,960,0.15,0.9541809566751278,4
2025-09-03,960,0.2,0.9408656528838449,4
2025-09-03,960,0.3,0.8997688458134844,4
2025-09-03,960,0.4,0.8723512296548012,4
2025-09-03,1200,0.05,0.9629554283235969,2
2025-09-03,1200,0.1,0.9631824224895966,2
2025-09-03,1200,0.15,0.9615367953196474,2
2025-09-03,1200,0.2,0.957418814198221,2
2025-09-03,1200,0.3,0.9500331716660727,2
2025-09-03,1200,0.4,0.9373394374945145,2
2025-09-04,360,0.05,0.942610791554566,10
2025-09-04,360,0.1,0.9408820489071225,10
2025-09-04,360,0.15,0.9417575308272977,10
2025-09-04,360,0.2,0.943254378086652,10
2025-09-04,360,0.3,0.9405938386753177,10
2025-09-04,360,0.4,0.9291603199591927,10
2025-09-04,480,0.05,0.9424743851234466,9
2025-09-04,480,0.1,0.9404656506359561,9
2025-09-04,480,0.15,0.9408368549353735,9
2025-09-04,480,0.2,0.9415712201707497,9
2025-09-04,480,0.3,0.9362059241496862,9
2025-09-04,480,0.4,0.9255980152462898,9
2025-09-04,600,0.05,0.94247645273029,8
2025-09-04,600,0.1,0.9401534671365555,8
2025-09-04,600,0.15,0.9400495672070545,8
2025-09-04,600,0.2,0.9402307719539137,8
2025-09-04,600,0.3,0.9358410592336746,8
2025-09-04,600,0.4,0.9263625975316305,8
2025-09-04,720,0.05,0.9434948444160879,7
2025-09-04,720,0.1,0.942122491464057,7
2025-09-04,720,0.15,0.9405995543805348,7
2025-09-04,720,0.2,0.9394010999805715,7
2025-09-04,720,0.3,0.9324346380434153,7
2025-09-04,720,0.4,0.919933254700551,7
2025-09-04,840,0.05,0.9435641353867608,6
2025-09-04,840,0.1,0.9428338469065553,6
2025-09-04,840,0.15,0.9421650137478974,6
2025-09-04,840,0.2,0.941899597676708,6
2025-09-04,840,0.3,0.9383704273865875,6
2025-09-04,840,0.4,0.9330882565903285,6
2025-09-04,960,0.05,0.9427616785795414,5
2025-09-04,960,0.1,0.9406841156333798,5
2025-09-04,960,0.15,0.9376408762591086,5
2025-09-04,960,0.2,0.9348318627753169,5
2025-09-04,960,0.3,0.9302342887010866,5
2025-09-04,960,0.4,0.9372327491806693,5
2025-09-04,1200,0.05,0.9422477741702958,3
2025-09-04,1200,0.1,0.9422866227262794,3
2025-09-04,1200,0.15,0.9434456149197145,3
2025-09-04,1200,0.2,0.944377607742644,3
2025-09-04,1200,0.3,0.9449702122503979,3
2025-09-04,1200,0.4,0.9447043385361882,3
2025-09-05,360,0.05,0.9204367602503238,10
2025-09-05,360,0.1,0.9193307233656722,10
2025-09-05,360,0.15,0.9171809865802412,10
2025-09-05,360,0.2,0.9131020958180939,10
2025-09-05,360,0.3,0.9130735267619975,10
2025-09-05,360,0.4,0.9183842657778898,10
2025-09-05,480,0.05,0.9211065011660409,9
2025-09-05,480,0.1,0.9206307896674611,9
2025-09-05,480,0.15,0.9190421350085262,9
2025-09-05,480,0.2,0.9153074543298588,9
2025-09-05,480,0.3,0.9167706602098962,9
2025-09-05,480,0.4,0.9220087354955232,9
2025-09-05,600,0.05,0.9215172992860294,8
2025-09-05,600,0.1,0.9206693140165665,8
2025-09-05,600,0.15,0.9190700016190593,8
2025-09-05,600,0.2,0.9152864247193782,8
2025-09-05,600,0.3,0.9108633642445483,8
2025-09-05,600,0.4,0.9174376567896153,8
2025-09-05,720,0.05,0.9211271289468916,7
2025-09-05,720,0.1,0.9190573483540698,7
2025-09-05,720,0.15,0.915174349431688,7
2025-09-05,720,0.2,0.908377909817599,7
2025-09-05,720,0.3,0.8996079735177805,7
2025-09-05,720,0.4,0.8979944955629562,7
2025-09-05,840,0.05,0.9210100367860459,6
2025-09-05,840,0.1,0.9189658210763494,6
2025-09-05,840,0.15,0.9147905340280097,6
2025-09-05,840,0.2,0.9086107412121918,6
2025-09-05,840,0.3,0.8996909289745026,6
2025-09-05,840,0.4,0.8994218847541556,6
2025-09-05,960,0.05,0.9223831519558312,5
2025-09-05,960,0.1,0.9207466301365088,5
2025-09-05,960,0.15,0.9185325527592986,5
2025-09-05,960,0.2,0.9126328663666844,5
2025-09-05,960,0.3,0.9071002644674326,5
2025-09-05,960,0.4,0.9181042057717015,5
2025-09-05,1200,0.05,0.9199058778267849,3
2025-09-05,1200,0.1,0.9182488444307326,3
2025-09-05,1200,0.15,0.921010183885552,3
2025-09-05,1200,0.2,0.921002693112538,3
2025-09-05,1200,0.3,0.9268551051303187,3
2025-09-05,1200,0.4,0.9405783915045289,3
2025-09-06,360,0.05,0.9308817485864351,9
2025-09-06,360,0.1,0.9330459839452894,9
2025-09-06,360,0.15,0.9345662589861597,9
2025-09-06,360,0.2,0.9348870989135639,9
2025-09-06,360,0.3,0.9370973398518413,9
2025-09-06,360,0.4,0.936004037266606,9
2025-09-06,480,0.05,0.930242804982254,8
2025-09-06,480,0.1,0.9316934096503446,8
2025-09-06,480,0.15,0.9324121338454971,8
2025-09-06,480,0.2,0.9318250308261249,8
2025-09-06,480,0.3,0.9318271807616301,8
2025-09-06,480,0.4,0.9283261820901699,8
2025-09-06,600,0.05,0.930757776992611,7
2025-09-06,600,0.1,0.9325121146619688,7
2025-09-06,600,0.15,0.9340773940824969,7
2025-09-06,600,0.2,0.9350808773728184,7
2025-09-06,600,0.3,0.9358458501602754,7
2025-09-06,600,0.4,0.9345191764346692,7
2025-09-06,720,0.05,0.9313151961965459,6
2025-09-06,720,0.1,0.9338714518368683,6
2025-09-06,720,0.15,0.9366927406518519,6
2025-09-06,720,0.2,0.9387443504894712,6
2025-09-06,720,0.3,0.9401067154933662,6
2025-09-06,720,0.4,0.9404168101743009,6
2025-09-06,840,0.05,0.931028121653294,5
2025-09-06,840,0.1,0.9340784964769657,5
2025-09-06,840,0.15,0.9380308021184165,5
2025-09-06,840,0.2,0.9406372717458794,5
2025-09-06,840,0.3,0.9459794352600739,5
2025-09-06,840,0.4,0.9461725850185798,5
2025-09-06,960,0.05,0.9306619724097653,4
2025-09-06,960,0.1,0.9333522076660077,4
2025-09-06,960,0.15,0.9364731102347492,4
2025-09-06,960,0.2,0.9375770431581106,4
2025-09-06,960,0.3,0.9386813434948398,4
2025-09-06,960,0.4,0.9373519535434164,4
2025-09-06,1200,0.05,0.9260531707731179,2
2025-09-06,1200,0.1,0.9238302432846308,2
2025-09-06,1200,0.15,0.9216742200679606,2
2025-09-06,1200,0.2,0.9193293102456661,2
2025-09-06,1200,0.3,0.9155413986328202,2
2025-09-06,1200,0.4,0.9119445742827776,2
2025-09-07,360,0.05,0.8865296354311417,19
2025-09-07,360,0.1,0.8873882394257613,19
2025-09-07,360,0.15,0.8884243611386216,19
2025-09-07,360,0.2,0.8893869466501891,19
2025-09-07,360,0.3,0.8910280739543498,19
2025-09-07,360,0.4,0.8922777595759169,19
2025-09-07,480,0.05,0.8865655698192645,18
2025-09-07,480,0.1,0.8874885311150689,18
2025-09-07,480,0.15,0.8885828506270799,18
2025-09-07,480,0.2,0.8896467455629031,18
2025-09-07,480,0.3,0.8915253827701126,18
2025-09-07,480,0.4,0.8929873105743028,18
2025-09-07,600,0.05,0.886624154690867,17
2025-09-07,600,0.1,0.8876014478822514,17
2025-09-07,600,0.15,0.8887551557662194,17
2025-09-07,600,0.2,0.8899041979198518,17
2025-09-07,600,0.3,0.8920382543679212,17
2025-09-07,600,0.4,0.8937892216039844,17
2025-09-07,720,0.05,0.8868191380944086,16
2025-09-07,720,0.1,0.8880365391984166,16
2025-09-07,720,0.15,0.8894291043497184,16
2025-09-07,720,0.2,0.8908309743718792,16
2025-09-07,720,0.3,0.893445914898896,16
2025-09-07,720,0.4,0.8956878520415243,16
2025-09-07,840,0.05,0.8866550442247267,15
2025-09-07,840,0.1,0.8877030075139924,15
2025-09-07,840,0.15,0.8889871538733247,15
2025-09-07,840,0.2,0.8903744318446568,15
2025-09-07,840,0.3,0.89292431335441,15
2025-09-07,840,0.4,0.8951633768465592,15
2025-09-07,960,0.05,0.886580094643576,14
2025-09-07,960,0.1,0.8875206031699046,14
2025-09-07,960,0.15,0.8886794396060242,14
2025-09-07,960,0.2,0.889866252861835,14
2025-09-07,960,0.3,0.8920811701300188,14
2025-09-07,960,0.4,0.8941907830378227,14
2025-09-07,1200,0.05,0.8865247633997069,4
2025-09-07,1200,0.1,0.8871291076634494,4
2025-09-07,1200,0.15,0.8875471749807669,4
2025-09-07,1200,0.2,0.8878347571013658,4
2025-09-07,1200,0.3,0.8878676223857784,4
2025-09-07,1200,0.4,0.8875523471842159,4
