dataset,lag_min,pairs,past_variable,future_variable,correlation
DATA_GEO_Train.csv,10,0,x_error (m),x_error (m),
DATA_GEO_Train.csv,10,0,x_error (m),y_error (m),
DATA_GEO_Train.csv,10,0,x_error (m),z_error (m),
DATA_GEO_Train.csv,10,0,x_error (m),satclockerror (m),
DATA_GEO_Train.csv,10,0,y_error (m),x_error (m),
DATA_GEO_Train.csv,10,0,y_error (m),y_error (m),
DATA_GEO_Train.csv,10,0,y_error (m),z_error (m),
DATA_GEO_Train.csv,10,0,y_error (m),satclockerror (m),
DATA_GEO_Train.csv,10,0,z_error (m),x_error (m),
DATA_GEO_Train.csv,10,0,z_error (m),y_error (m),
DATA_GEO_Train.csv,10,0,z_error (m),z_error (m),
DATA_GEO_Train.csv,10,0,z_error (m),satclockerror (m),
DATA_GEO_Train.csv,10,0,satclockerror (m),x_error (m),
DATA_GEO_Train.csv,10,0,satclockerror (m),y_error (m),
DATA_GEO_Train.csv,10,0,satclockerror (m),z_error (m),
DATA_GEO_Train.csv,10,0,satclockerror (m),satclockerror (m),
DATA_GEO_Train.csv,15,62,x_error (m),x_error (m),-0.6547882669904594
DATA_GEO_Train.csv,15,62,x_error (m),y_error (m),-0.7091277511828525
DATA_GEO_Train.csv,15,62,x_error (m),z_error (m),-0.5806298493129989
DATA_GEO_Train.csv,15,62,x_error (m),satclockerror (m),-0.6480927581518777
DATA_GEO_Train.csv,15,62,y_error (m),x_error (m),-0.6920522086626365
DATA_GEO_Train.csv,15,62,y_error (m),y_error (m),-0.7591458069953145
DATA_GEO_Train.csv,15,62,y_error (m),z_error (m),-0.6237390710667631
DATA_GEO_Train.csv,15,62,y_error (m),satclockerror (m),-0.6996217452773779
DATA_GEO_Train.csv,15,62,z_error (m),x_error (m),-0.5877658051255403
DATA_GEO_Train.csv,15,62,z_error (m),y_error (m),-0.6555347404009979
DATA_GEO_Train.csv,15,62,z_error (m),z_error (m),-0.5289072848681826
DATA_GEO_Train.csv,15,62,z_error (m),satclockerror (m),-0.6315290150375965
DATA_GEO_Train.csv,15,62,satclockerror (m),x_error (m),-0.5640159289404705
DATA_GEO_Train.csv,15,62,satclockerror (m),y_error (m),-0.6523098805011563
DATA_GEO_Train.csv,15,62,satclockerror (m),z_error (m),-0.5355229223153558
DATA_GEO_Train.csv,15,62,satclockerror (m),satclockerror (m),-0.6385105823018524
DATA_GEO_Train.csv,30,64,x_error (m),x_error (m),0.4275856629842153
DATA_GEO_Train.csv,30,64,x_error (m),y_error (m),0.4562549666674721
DATA_GEO_Train.csv,30,64,x_error (m),z_error (m),0.2967796282242662
DATA_GEO_Train.csv,30,64,x_error (m),satclockerror (m),0.3286448206387895
DATA_GEO_Train.csv,30,64,y_error (m),x_error (m),0.3548075581528139
DATA_GEO_Train.csv,30,64,y_error (m),y_error (m),0.40075854273058736
DATA_GEO_Train.csv,30,64,y_error (m),z_error (m),0.21108960645064354
DATA_GEO_Train.csv,30,64,y_error (m),satclockerror (m),0.31150559876182193
DATA_GEO_Train.csv,30,64,z_error (m),x_error (m),0.22371502652331257
DATA_GEO_Train.csv,30,64,z_error (m),y_error (m),0.2983556866250984
DATA_GEO_Train.csv,30,64,z_error (m),z_error (m),0.09702496456569872
DATA_GEO_Train.csv,30,64,z_error (m),satclockerror (m),0.2798057044386804
DATA_GEO_Train.csv,30,64,satclockerror (m),x_error (m),0.14772640827141623
DATA_GEO_Train.csv,30,64,satclockerror (m),y_error (m),0.20110351766934326
DATA_GEO_Train.csv,30,64,satclockerror (m),z_error (m),0.02964346609354433
DATA_GEO_Train.csv,30,64,satclockerror (m),satclockerror (m),0.19194289281202417
DATA_GEO_Train.csv,60,65,x_error (m),x_error (m),0.12084351424490367
DATA_GEO_Train.csv,60,65,x_error (m),y_error (m),0.12786707356217816
DATA_GEO_Train.csv,60,65,x_error (m),z_error (m),0.1048690706295487
DATA_GEO_Train.csv,60,65,x_error (m),satclockerror (m),0.07992625676861365
DATA_GEO_Train.csv,60,65,y_error (m),x_error (m),0.11605372412659622
DATA_GEO_Train.csv,60,65,y_error (m),y_error (m),0.060006662063829055
DATA_GEO_Train.csv,60,65,y_error (m),z_error (m),0.04307570356029213
DATA_GEO_Train.csv,60,65,y_error (m),satclockerror (m),-0.035610113222168095
DATA_GEO_Train.csv,60,65,z_error (m),x_error (m),0.14453466071912027
DATA_GEO_Train.csv,60,65,z_error (m),y_error (m),0.045916500919581583
DATA_GEO_Train.csv,60,65,z_error (m),z_error (m),0.02838115554685996
DATA_GEO_Train.csv,60,65,z_error (m),satclockerror (m),-0.08581961232540317
DATA_GEO_Train.csv,60,65,satclockerror (m),x_error (m),0.09199160051661022
DATA_GEO_Train.csv,60,65,satclockerror (m),y_error (m),-0.005659212604897582
DATA_GEO_Train.csv,60,65,satclockerror (m),z_error (m),-0.016197680025451983
DATA_GEO_Train.csv,60,65,satclockerror (m),satclockerror (m),-0.12094972888495838
DATA_GEO_Train.csv,120,129,x_error (m),x_error (m),-0.06369197405763027
DATA_GEO_Train.csv,120,129,x_error (m),y_error (m),-0.029854723566639107
DATA_GEO_Train.csv,120,129,x_error (m),z_error (m),0.02419292344900665
DATA_GEO_Train.csv,120,129,x_error (m),satclockerror (m),-0.020799958552377814
DATA_GEO_Train.csv,120,129,y_error (m),x_error (m),-0.014374747992864763
DATA_GEO_Train.csv,120,129,y_error (m),y_error (m),-0.0069476861349422716
DATA_GEO_Train.csv,120,129,y_error (m),z_error (m),0.033230302879285085
DATA_GEO_Train.csv,120,129,y_error (m),satclockerror (m),-0.0038527844928324317
DATA_GEO_Train.csv,120,129,z_error (m),x_error (m),-0.10870934012243161
DATA_GEO_Train.csv,120,129,z_error (m),y_error (m),-0.05258446958253462
DATA_GEO_Train.csv,120,129,z_error (m),z_error (m),0.025150370210956768
DATA_GEO_Train.csv,120,129,z_error (m),satclockerror (m),0.05483463947652454
DATA_GEO_Train.csv,120,129,satclockerror (m),x_error (m),0.025814254095914962
DATA_GEO_Train.csv,120,129,satclockerror (m),y_error (m),0.026185045534604864
DATA_GEO_Train.csv,120,129,satclockerror (m),z_error (m),-0.04239490307244214
DATA_GEO_Train.csv,120,129,satclockerror (m),satclockerror (m),0.07228508951927133
DATA_GEO_Test.csv,10,1,x_error (m),x_error (m),
DATA_GEO_Test.csv,10,1,x_error (m),y_error (m),
DATA_GEO_Test.csv,10,1,x_error (m),z_error (m),
DATA_GEO_Test.csv,10,1,x_error (m),satclockerror (m),
DATA_GEO_Test.csv,10,1,y_error (m),x_error (m),
DATA_GEO_Test.csv,10,1,y_error (m),y_error (m),
DATA_GEO_Test.csv,10,1,y_error (m),z_error (m),
DATA_GEO_Test.csv,10,1,y_error (m),satclockerror (m),
DATA_GEO_Test.csv,10,1,z_error (m),x_error (m),
DATA_GEO_Test.csv,10,1,z_error (m),y_error (m),
DATA_GEO_Test.csv,10,1,z_error (m),z_error (m),
DATA_GEO_Test.csv,10,1,z_error (m),satclockerror (m),
DATA_GEO_Test.csv,10,1,satclockerror (m),x_error (m),
DATA_GEO_Test.csv,10,1,satclockerror (m),y_error (m),
DATA_GEO_Test.csv,10,1,satclockerror (m),z_error (m),
DATA_GEO_Test.csv,10,1,satclockerror (m),satclockerror (m),
DATA_GEO_Test.csv,15,59,x_error (m),x_error (m),-0.3687016660817075
DATA_GEO_Test.csv,15,59,x_error (m),y_error (m),0.07676242132405925
DATA_GEO_Test.csv,15,59,x_error (m),z_error (m),-0.1703279663992872
DATA_GEO_Test.csv,15,59,x_error (m),satclockerror (m),0.31992874806407245
DATA_GEO_Test.csv,15,59,y_error (m),x_error (m),-0.1266155719499988
DATA_GEO_Test.csv,15,59,y_error (m),y_error (m),-0.3105653917530704
DATA_GEO_Test.csv,15,59,y_error (m),z_error (m),0.03264066089552081
DATA_GEO_Test.csv,15,59,y_error (m),satclockerror (m),-0.19908218920293233
DATA_GEO_Test.csv,15,59,z_error (m),x_error (m),-0.004101998887586601
DATA_GEO_Test.csv,15,59,z_error (m),y_error (m),0.38016314769952236
DATA_GEO_Test.csv,15,59,z_error (m),z_error (m),-0.21098619008794078
DATA_GEO_Test.csv,15,59,z_error (m),satclockerror (m),0.3541841778488866
DATA_GEO_Test.csv,15,59,satclockerror (m),x_error (m),0.12595475131482312
DATA_GEO_Test.csv,15,59,satclockerror (m),y_error (m),-0.3551289732051077
DATA_GEO_Test.csv,15,59,satclockerror (m),z_error (m),0.15315882675543582
DATA_GEO_Test.csv,15,59,satclockerror (m),satclockerror (m),-0.41070736204670427
DATA_GEO_Test.csv,30,58,x_error (m),x_error (m),-0.10717892516775823
DATA_GEO_Test.csv,30,58,x_error (m),y_error (m),-0.06382536726095028
DATA_GEO_Test.csv,30,58,x_error (m),z_error (m),-0.11014464400281293
DATA_GEO_Test.csv,30,58,x_error (m),satclockerror (m),0.026952602284670783
DATA_GEO_Test.csv,30,58,y_error (m),x_error (m),0.0600316396775883
DATA_GEO_Test.csv,30,58,y_error (m),y_error (m),-0.31186986931410093
DATA_GEO_Test.csv,30,58,y_error (m),z_error (m),-0.06167644860581806
DATA_GEO_Test.csv,30,58,y_error (m),satclockerror (m),-0.28038245893956587
DATA_GEO_Test.csv,30,58,z_error (m),x_error (m),0.04116033873043018
DATA_GEO_Test.csv,30,58,z_error (m),y_error (m),0.14216081003535583
DATA_GEO_Test.csv,30,58,z_error (m),z_error (m),0.007279336080193458
DATA_GEO_Test.csv,30,58,z_error (m),satclockerror (m),0.0814693272938105
DATA_GEO_Test.csv,30,58,satclockerror (m),x_error (m),0.1080380203857218
DATA_GEO_Test.csv,30,58,satclockerror (m),y_error (m),-0.25762080914122826
DATA_GEO_Test.csv,30,58,satclockerror (m),z_error (m),0.01936105604234987
DATA_GEO_Test.csv,30,58,satclockerror (m),satclockerror (m),-0.27344012376376736
DATA_GEO_Test.csv,60,54,x_error (m),x_error (m),-0.37215627066284146
DATA_GEO_Test.csv,60,54,x_error (m),y_error (m),0.2685693193566614
DATA_GEO_Test.csv,60,54,x_error (m),z_error (m),-0.4157344406727016
DATA_GEO_Test.csv,60,54,x_error (m),satclockerror (m),0.4428573089512978
DATA_GEO_Test.csv,60,54,y_error (m),x_error (m),-0.05187072547258123
DATA_GEO_Test.csv,60,54,y_error (m),y_error (m),-0.1271892809255929
DATA_GEO_Test.csv,60,54,y_error (m),z_error (m),-0.13676218623791125
DATA_GEO_Test.csv,60,54,y_error (m),satclockerror (m),-0.06422495605661109
DATA_GEO_Test.csv,60,54,z_error (m),x_error (m),0.025067009027519595
DATA_GEO_Test.csv,60,54,z_error (m),y_error (m),-0.13959309471224568
DATA_GEO_Test.csv,60,54,z_error (m),z_error (m),-0.19061646066324678
DATA_GEO_Test.csv,60,54,z_error (m),satclockerror (m),-0.11179223802837487
DATA_GEO_Test.csv,60,54,satclockerror (m),x_error (m),0.19766780647057716
DATA_GEO_Test.csv,60,54,satclockerror (m),y_error (m),-0.26371589397723283
DATA_GEO_Test.csv,60,54,satclockerror (m),z_error (m),0.15565079162123654
DATA_GEO_Test.csv,60,54,satclockerror (m),satclockerror (m),-0.3281992706003564
DATA_GEO_Test.csv,120,54,x_error (m),x_error (m),-0.01177952322944746
DATA_GEO_Test.csv,120,54,x_error (m),y_error (m),-0.06615492263489904
DATA_GEO_Test.csv,120,54,x_error (m),z_error (m),-0.12082950890135728
DATA_GEO_Test.csv,120,54,x_error (m),satclockerror (m),-0.04676504140904726
DATA_GEO_Test.csv,120,54,y_error (m),x_error (m),-0.004258524751496527
DATA_GEO_Test.csv,120,54,y_error (m),y_error (m),-0.06059479764868521
DATA_GEO_Test.csv,120,54,y_error (m),z_error (m),-0.13267898333907469
DATA_GEO_Test.csv,120,54,y_error (m),satclockerror (m),-0.03553292413503158
DATA_GEO_Test.csv,120,54,z_error (m),x_error (m),-0.04053160136009229
DATA_GEO_Test.csv,120,54,z_error (m),y_error (m),-0.13626811934986915
DATA_GEO_Test.csv,120,54,z_error (m),z_error (m),-0.04579105243953727
DATA_GEO_Test.csv,120,54,z_error (m),satclockerror (m),-0.07557821849719663
DATA_GEO_Test.csv,120,54,satclockerror (m),x_error (m),-0.0014280834173673429
DATA_GEO_Test.csv,120,54,satclockerror (m),y_error (m),0.001373751222697321
DATA_GEO_Test.csv,120,54,satclockerror (m),z_error (m),-0.05000505288819086
DATA_GEO_Test.csv,120,54,satclockerror (m),satclockerror (m),0.012519181024061554
DATA_MEO_Train.csv,10,0,x_error (m),x_error (m),
DATA_MEO_Train.csv,10,0,x_error (m),y_error (m),
DATA_MEO_Train.csv,10,0,x_error (m),z_error (m),
DATA_MEO_Train.csv,10,0,x_error (m),satclockerror (m),
DATA_MEO_Train.csv,10,0,y_error (m),x_error (m),
DATA_MEO_Train.csv,10,0,y_error (m),y_error (m),
DATA_MEO_Train.csv,10,0,y_error (m),z_error (m),
DATA_MEO_Train.csv,10,0,y_error (m),satclockerror (m),
DATA_MEO_Train.csv,10,0,z_error (m),x_error (m),
DATA_MEO_Train.csv,10,0,z_error (m),y_error (m),
DATA_MEO_Train.csv,10,0,z_error (m),z_error (m),
DATA_MEO_Train.csv,10,0,z_error (m),satclockerror (m),
DATA_MEO_Train.csv,10,0,satclockerror (m),x_error (m),
DATA_MEO_Train.csv,10,0,satclockerror (m),y_error (m),
DATA_MEO_Train.csv,10,0,satclockerror (m),z_error (m),
DATA_MEO_Train.csv,10,0,satclockerror (m),satclockerror (m),
DATA_MEO_Train.csv,15,1,x_error (m),x_error (m),
DATA_MEO_Train.csv,15,1,x_error (m),y_error (m),
DATA_MEO_Train.csv,15,1,x_error (m),z_error (m),
DATA_MEO_Train.csv,15,1,x_error (m),satclockerror (m),
DATA_MEO_Train.csv,15,1,y_error (m),x_error (m),
DATA_MEO_Train.csv,15,1,y_error (m),y_error (m),
DATA_MEO_Train.csv,15,1,y_error (m),z_error (m),
DATA_MEO_Train.csv,15,1,y_error (m),satclockerror (m),
DATA_MEO_Train.csv,15,1,z_error (m),x_error (m),
DATA_MEO_Train.csv,15,1,z_error (m),y_error (m),
DATA_MEO_Train.csv,15,1,z_error (m),z_error (m),
DATA_MEO_Train.csv,15,1,z_error (m),satclockerror (m),
DATA_MEO_Train.csv,15,1,satclockerror (m),x_error (m),
DATA_MEO_Train.csv,15,1,satclockerror (m),y_error (m),
DATA_MEO_Train.csv,15,1,satclockerror (m),z_error (m),
DATA_MEO_Train.csv,15,1,satclockerror (m),satclockerror (m),
DATA_MEO_Train.csv,30,0,x_error (m),x_error (m),
DATA_MEO_Train.csv,30,0,x_error (m),y_error (m),
DATA_MEO_Train.csv,30,0,x_error (m),z_error (m),
DATA_MEO_Train.csv,30,0,x_error (m),satclockerror (m),
DATA_MEO_Train.csv,30,0,y_error (m),x_error (m),
DATA_MEO_Train.csv,30,0,y_error (m),y_error (m),
DATA_MEO_Train.csv,30,0,y_error (m),z_error (m),
DATA_MEO_Train.csv,30,0,y_error (m),satclockerror (m),
DATA_MEO_Train.csv,30,0,z_error (m),x_error (m),
DATA_MEO_Train.csv,30,0,z_error (m),y_error (m),
DATA_MEO_Train.csv,30,0,z_error (m),z_error (m),
DATA_MEO_Train.csv,30,0,z_error (m),satclockerror (m),
DATA_MEO_Train.csv,30,0,satclockerror (m),x_error (m),
DATA_MEO_Train.csv,30,0,satclockerror (m),y_error (m),
DATA_MEO_Train.csv,30,0,satclockerror (m),z_error (m),
DATA_MEO_Train.csv,30,0,satclockerror (m),satclockerror (m),
DATA_MEO_Train.csv,60,37,x_error (m),x_error (m),0.7976034072294658
DATA_MEO_Train.csv,60,37,x_error (m),y_error (m),0.5284267238127835
DATA_MEO_Train.csv,60,37,x_error (m),z_error (m),0.0047466119326301315
DATA_MEO_Train.csv,60,37,x_error (m),satclockerror (m),-0.024365493082390968
DATA_MEO_Train.csv,60,37,y_error (m),x_error (m),0.500361325942798
DATA_MEO_Train.csv,60,37,y_error (m),y_error (m),0.9508802824062647
DATA_MEO_Train.csv,60,37,y_error (m),z_error (m),-0.2631436109046203
DATA_MEO_Train.csv,60,37,y_error (m),satclockerror (m),-0.08451318209008704
DATA_MEO_Train.csv,60,37,z_error (m),x_error (m),-0.020318722437689764
DATA_MEO_Train.csv,60,37,z_error (m),y_error (m),-0.23914227788965448
DATA_MEO_Train.csv,60,37,z_error (m),z_error (m),0.9433800809014238
DATA_MEO_Train.csv,60,37,z_error (m),satclockerror (m),0.20304874570004727
DATA_MEO_Train.csv,60,37,satclockerror (m),x_error (m),-0.22590576948039745
DATA_MEO_Train.csv,60,37,satclockerror (m),y_error (m),0.06807248114450146
DATA_MEO_Train.csv,60,37,satclockerror (m),z_error (m),-0.021593422406040397
DATA_MEO_Train.csv,60,37,satclockerror (m),satclockerror (m),0.015502649401451496
DATA_MEO_Train.csv,120,30,x_error (m),x_error (m),0.40370750996960286
DATA_MEO_Train.csv,120,30,x_error (m),y_error (m),0.5342907714643316
DATA_MEO_Train.csv,120,30,x_error (m),z_error (m),-0.10141321396210629
DATA_MEO_Train.csv,120,30,x_error (m),satclockerror (m),0.38447005144117724
DATA_MEO_Train.csv,120,30,y_error (m),x_error (m),0.418352995939911
DATA_MEO_Train.csv,120,30,y_error (m),y_error (m),0.8332480631366229
DATA_MEO_Train.csv,120,30,y_error (m),z_error (m),-0.3406417646618366
DATA_MEO_Train.csv,120,30,y_error (m),satclockerror (m),-0.013321694452168685
DATA_MEO_Train.csv,120,30,z_error (m),x_error (m),-0.14499266409668968
DATA_MEO_Train.csv,120,30,z_error (m),y_error (m),-0.2691493600502368
DATA_MEO_Train.csv,120,30,z_error (m),z_error (m),0.8102595141642204
DATA_MEO_Train.csv,120,30,z_error (m),satclockerror (m),0.2855940492401412
DATA_MEO_Train.csv,120,30,satclockerror (m),x_error (m),-0.05292671819665086
DATA_MEO_Train.csv,120,30,satclockerror (m),y_error (m),0.05060286467475084
DATA_MEO_Train.csv,120,30,satclockerror (m),z_error (m),-0.1066427678686363
DATA_MEO_Train.csv,120,30,satclockerror (m),satclockerror (m),-0.6079663087341184
DATA_MEO_Test.csv,10,0,x_error (m),x_error (m),
DATA_MEO_Test.csv,10,0,x_error (m),y_error (m),
DATA_MEO_Test.csv,10,0,x_error (m),z_error (m),
DATA_MEO_Test.csv,10,0,x_error (m),satclockerror (m),
DATA_MEO_Test.csv,10,0,y_error (m),x_error (m),
DATA_MEO_Test.csv,10,0,y_error (m),y_error (m),
DATA_MEO_Test.csv,10,0,y_error (m),z_error (m),
DATA_MEO_Test.csv,10,0,y_error (m),satclockerror (m),
DATA_MEO_Test.csv,10,0,z_error (m),x_error (m),
DATA_MEO_Test.csv,10,0,z_error (m),y_error (m),
DATA_MEO_Test.csv,10,0,z_error (m),z_error (m),
DATA_MEO_Test.csv,10,0,z_error (m),satclockerror (m),
DATA_MEO_Test.csv,10,0,satclockerror (m),x_error (m),
DATA_MEO_Test.csv,10,0,satclockerror (m),y_error (m),
DATA_MEO_Test.csv,10,0,satclockerror (m),z_error (m),
DATA_MEO_Test.csv,10,0,satclockerror (m),satclockerror (m),
DATA_MEO_Test.csv,15,0,x_error (m),x_error (m),
DATA_MEO_Test.csv,15,0,x_error (m),y_error (m),
DATA_MEO_Test.csv,15,0,x_error (m),z_error (m),
DATA_MEO_Test.csv,15,0,x_error (m),satclockerror (m),
DATA_MEO_Test.csv,15,0,y_error (m),x_error (m),
DATA_MEO_Test.csv,15,0,y_error (m),y_error (m),
DATA_MEO_Test.csv,15,0,y_error (m),z_error (m),
DATA_MEO_Test.csv,15,0,y_error (m),satclockerror (m),
DATA_MEO_Test.csv,15,0,z_error (m),x_error (m),
DATA_MEO_Test.csv,15,0,z_error (m),y_error (m),
DATA_MEO_Test.csv,15,0,z_error (m),z_error (m),
DATA_MEO_Test.csv,15,0,z_error (m),satclockerror (m),
DATA_MEO_Test.csv,15,0,satclockerror (m),x_error (m),
DATA_MEO_Test.csv,15,0,satclockerror (m),y_error (m),
DATA_MEO_Test.csv,15,0,satclockerror (m),z_error (m),
DATA_MEO_Test.csv,15,0,satclockerror (m),satclockerror (m),
DATA_MEO_Test.csv,30,0,x_error (m),x_error (m),
DATA_MEO_Test.csv,30,0,x_error (m),y_error (m),
DATA_MEO_Test.csv,30,0,x_error (m),z_error (m),
DATA_MEO_Test.csv,30,0,x_error (m),satclockerror (m),
DATA_MEO_Test.csv,30,0,y_error (m),x_error (m),
DATA_MEO_Test.csv,30,0,y_error (m),y_error (m),
DATA_MEO_Test.csv,30,0,y_error (m),z_error (m),
DATA_MEO_Test.csv,30,0,y_error (m),satclockerror (m),
DATA_MEO_Test.csv,30,0,z_error (m),x_error (m),
DATA_MEO_Test.csv,30,0,z_error (m),y_error (m),
DATA_MEO_Test.csv,30,0,z_error (m),z_error (m),
DATA_MEO_Test.csv,30,0,z_error (m),satclockerror (m),
DATA_MEO_Test.csv,30,0,satclockerror (m),x_error (m),
DATA_MEO_Test.csv,30,0,satclockerror (m),y_error (m),
DATA_MEO_Test.csv,30,0,satclockerror (m),z_error (m),
DATA_MEO_Test.csv,30,0,satclockerror (m),satclockerror (m),
DATA_MEO_Test.csv,60,5,x_error (m),x_error (m),0.28226116465064016
DATA_MEO_Test.csv,60,5,x_error (m),y_error (m),-0.4540115849996394
DATA_MEO_Test.csv,60,5,x_error (m),z_error (m),0.07567622997091064
DATA_MEO_Test.csv,60,5,x_error (m),satclockerror (m),0.15552216979606015
DATA_MEO_Test.csv,60,5,y_error (m),x_error (m),0.7621318194709331
DATA_MEO_Test.csv,60,5,y_error (m),y_error (m),0.9807847140065372
DATA_MEO_Test.csv,60,5,y_error (m),z_error (m),0.9198154972656993
DATA_MEO_Test.csv,60,5,y_error (m),satclockerror (m),-0.7017906919937946
DATA_MEO_Test.csv,60,5,z_error (m),x_error (m),0.9685755338510408
DATA_MEO_Test.csv,60,5,z_error (m),y_error (m),0.4665580857298781
DATA_MEO_Test.csv,60,5,z_error (m),z_error (m),0.8233044413553071
DATA_MEO_Test.csv,60,5,z_error (m),satclockerror (m),-0.422638627157904
DATA_MEO_Test.csv,60,5,satclockerror (m),x_error (m),-0.19162611358106868
DATA_MEO_Test.csv,60,5,satclockerror (m),y_error (m),0.27348054597923865
DATA_MEO_Test.csv,60,5,satclockerror (m),z_error (m),-0.2018340680795499
DATA_MEO_Test.csv,60,5,satclockerror (m),satclockerror (m),-0.13909151900663613
DATA_MEO_Test.csv,120,4,x_error (m),x_error (m),
DATA_MEO_Test.csv,120,4,x_error (m),y_error (m),
DATA_MEO_Test.csv,120,4,x_error (m),z_error (m),
DATA_MEO_Test.csv,120,4,x_error (m),satclockerror (m),
DATA_MEO_Test.csv,120,4,y_error (m),x_error (m),
DATA_MEO_Test.csv,120,4,y_error (m),y_error (m),
DATA_MEO_Test.csv,120,4,y_error (m),z_error (m),
DATA_MEO_Test.csv,120,4,y_error (m),satclockerror (m),
DATA_MEO_Test.csv,120,4,z_error (m),x_error (m),
DATA_MEO_Test.csv,120,4,z_error (m),y_error (m),
DATA_MEO_Test.csv,120,4,z_error (m),z_error (m),
DATA_MEO_Test.csv,120,4,z_error (m),satclockerror (m),
DATA_MEO_Test.csv,120,4,satclockerror (m),x_error (m),
DATA_MEO_Test.csv,120,4,satclockerror (m),y_error (m),
DATA_MEO_Test.csv,120,4,satclockerror (m),z_error (m),
DATA_MEO_Test.csv,120,4,satclockerror (m),satclockerror (m),
DATA_MEO_Train2.csv,10,96,x_error (m),x_error (m),0.3731449759684782
DATA_MEO_Train2.csv,10,96,x_error (m),y_error (m),0.04406723326922113
DATA_MEO_Train2.csv,10,96,x_error (m),z_error (m),-0.04230167345253129
DATA_MEO_Train2.csv,10,96,x_error (m),satclockerror (m),-0.06323341991750053
DATA_MEO_Train2.csv,10,96,y_error (m),x_error (m),0.10039453923134724
DATA_MEO_Train2.csv,10,96,y_error (m),y_error (m),0.8518419466170216
DATA_MEO_Train2.csv,10,96,y_error (m),z_error (m),-0.056009521818453756
DATA_MEO_Train2.csv,10,96,y_error (m),satclockerror (m),0.07801816703433144
DATA_MEO_Train2.csv,10,96,z_error (m),x_error (m),-0.09989751596619437
DATA_MEO_Train2.csv,10,96,z_error (m),y_error (m),-0.02639510556925385
DATA_MEO_Train2.csv,10,96,z_error (m),z_error (m),0.9072078484544188
DATA_MEO_Train2.csv,10,96,z_error (m),satclockerror (m),-0.27720916548954233
DATA_MEO_Train2.csv,10,96,satclockerror (m),x_error (m),-0.016636231435158917
DATA_MEO_Train2.csv,10,96,satclockerror (m),y_error (m),-0.0034512937854038047
DATA_MEO_Train2.csv,10,96,satclockerror (m),z_error (m),-0.3479430137391243
DATA_MEO_Train2.csv,10,96,satclockerror (m),satclockerror (m),0.5351779797435156
DATA_MEO_Train2.csv,15,14,x_error (m),x_error (m),0.7249857720023867
DATA_MEO_Train2.csv,15,14,x_error (m),y_error (m),0.5699455718940382
DATA_MEO_Train2.csv,15,14,x_error (m),z_error (m),-0.15193438271557583
DATA_MEO_Train2.csv,15,14,x_error (m),satclockerror (m),0.13058906201675766
DATA_MEO_Train2.csv,15,14,y_error (m),x_error (m),0.3706393460514631
DATA_MEO_Train2.csv,15,14,y_error (m),y_error (m),0.829659518936067
DATA_MEO_Train2.csv,15,14,y_error (m),z_error (m),-0.18354889923839002
DATA_MEO_Train2.csv,15,14,y_error (m),satclockerror (m),-0.2994116385477154
DATA_MEO_Train2.csv,15,14,z_error (m),x_error (m),-0.17255760268274076
DATA_MEO_Train2.csv,15,14,z_error (m),y_error (m),-0.1020337822322062
DATA_MEO_Train2.csv,15,14,z_error (m),z_error (m),0.8176167348166875
DATA_MEO_Train2.csv,15,14,z_error (m),satclockerror (m),0.04500751542694973
DATA_MEO_Train2.csv,15,14,satclockerror (m),x_error (m),0.36976039515037945
DATA_MEO_Train2.csv,15,14,satclockerror (m),y_error (m),0.06733577978265116
DATA_MEO_Train2.csv,15,14,satclockerror (m),z_error (m),-0.04863393145258891
DATA_MEO_Train2.csv,15,14,satclockerror (m),satclockerror (m),-0.17573588734455625
DATA_MEO_Train2.csv,30,67,x_error (m),x_error (m),0.27503182373749935
DATA_MEO_Train2.csv,30,67,x_error (m),y_error (m),0.14506305048930102
DATA_MEO_Train2.csv,30,67,x_error (m),z_error (m),0.05489796232269931
DATA_MEO_Train2.csv,30,67,x_error (m),satclockerror (m),0.22795059306498253
DATA_MEO_Train2.csv,30,67,y_error (m),x_error (m),0.04757372660889555
DATA_MEO_Train2.csv,30,67,y_error (m),y_error (m),0.5867623522991504
DATA_MEO_Train2.csv,30,67,y_error (m),z_error (m),-0.10209610423333657
DATA_MEO_Train2.csv,30,67,y_error (m),satclockerror (m),0.20633083577078096
DATA_MEO_Train2.csv,30,67,z_error (m),x_error (m),-0.175268488331255
DATA_MEO_Train2.csv,30,67,z_error (m),y_error (m),-0.1566431119137707
DATA_MEO_Train2.csv,30,67,z_error (m),z_error (m),0.6445089821369491
DATA_MEO_Train2.csv,30,67,z_error (m),satclockerror (m),-0.19188730329001044
DATA_MEO_Train2.csv,30,67,satclockerror (m),x_error (m),-0.06270633065528929
DATA_MEO_Train2.csv,30,67,satclockerror (m),y_error (m),0.12136427580041426
DATA_MEO_Train2.csv,30,67,satclockerror (m),z_error (m),-0.34654868043942527
DATA_MEO_Train2.csv,30,67,satclockerror (m),satclockerror (m),0.16268852764405317
DATA_MEO_Train2.csv,60,64,x_error (m),x_error (m),0.16124869225791832
DATA_MEO_Train2.csv,60,64,x_error (m),y_error (m),0.11770404724773455
DATA_MEO_Train2.csv,60,64,x_error (m),z_error (m),-0.034418137786295766
DATA_MEO_Train2.csv,60,64,x_error (m),satclockerror (m),0.25742476976519907
DATA_MEO_Train2.csv,60,64,y_error (m),x_error (m),-0.10224406924612027
DATA_MEO_Train2.csv,60,64,y_error (m),y_error (m),0.39167628538632
DATA_MEO_Train2.csv,60,64,y_error (m),z_error (m),-0.18720153538028358
DATA_MEO_Train2.csv,60,64,y_error (m),satclockerror (m),0.12013989712034934
DATA_MEO_Train2.csv,60,64,z_error (m),x_error (m),0.006096357132862399
DATA_MEO_Train2.csv,60,64,z_error (m),y_error (m),-0.11931050600764473
DATA_MEO_Train2.csv,60,64,z_error (m),z_error (m),0.4497590002301343
DATA_MEO_Train2.csv,60,64,z_error (m),satclockerror (m),-0.1838804857801799
DATA_MEO_Train2.csv,60,64,satclockerror (m),x_error (m),0.09436563595867149
DATA_MEO_Train2.csv,60,64,satclockerror (m),y_error (m),0.01826990147269151
DATA_MEO_Train2.csv,60,64,satclockerror (m),z_error (m),-0.13610152253395705
DATA_MEO_Train2.csv,60,64,satclockerror (m),satclockerror (m),0.12528533884153784
DATA_MEO_Train2.csv,120,67,x_error (m),x_error (m),0.30031332719620224
DATA_MEO_Train2.csv,120,67,x_error (m),y_error (m),0.31665063497726914
DATA_MEO_Train2.csv,120,67,x_error (m),z_error (m),0.17426868606964538
DATA_MEO_Train2.csv,120,67,x_error (m),satclockerror (m),0.1843300138793208
DATA_MEO_Train2.csv,120,67,y_error (m),x_error (m),0.17948131503328627
DATA_MEO_Train2.csv,120,67,y_error (m),y_error (m),0.6319603629060528
DATA_MEO_Train2.csv,120,67,y_error (m),z_error (m),-0.38058229352740497
DATA_MEO_Train2.csv,120,67,y_error (m),satclockerror (m),0.6417436966808604
DATA_MEO_Train2.csv,120,67,z_error (m),x_error (m),-0.15523440537537583
DATA_MEO_Train2.csv,120,67,z_error (m),y_error (m),-0.4020000398431699
DATA_MEO_Train2.csv,120,67,z_error (m),z_error (m),0.516816627621756
DATA_MEO_Train2.csv,120,67,z_error (m),satclockerror (m),-0.49303181296388066
DATA_MEO_Train2.csv,120,67,satclockerror (m),x_error (m),-0.2225005972534169
DATA_MEO_Train2.csv,120,67,satclockerror (m),y_error (m),0.08432332932287989
DATA_MEO_Train2.csv,120,67,satclockerror (m),z_error (m),-0.11023704049073321
DATA_MEO_Train2.csv,120,67,satclockerror (m),satclockerror (m),0.0019754421041447067
DATA_MEO_Test2.csv,10,12,x_error (m),x_error (m),0.8501500688709638
DATA_MEO_Test2.csv,10,12,x_error (m),y_error (m),0.7060613838245247
DATA_MEO_Test2.csv,10,12,x_error (m),z_error (m),-0.41279870430101434
DATA_MEO_Test2.csv,10,12,x_error (m),satclockerror (m),-0.4405971094750307
DATA_MEO_Test2.csv,10,12,y_error (m),x_error (m),0.6298488922917908
DATA_MEO_Test2.csv,10,12,y_error (m),y_error (m),0.4420466079135545
DATA_MEO_Test2.csv,10,12,y_error (m),z_error (m),0.023057062220037308
DATA_MEO_Test2.csv,10,12,y_error (m),satclockerror (m),-0.49068994864366244
DATA_MEO_Test2.csv,10,12,z_error (m),x_error (m),-0.45234153161112334
DATA_MEO_Test2.csv,10,12,z_error (m),y_error (m),-0.42275055914435783
DATA_MEO_Test2.csv,10,12,z_error (m),z_error (m),0.6398197158188892
DATA_MEO_Test2.csv,10,12,z_error (m),satclockerror (m),0.15211803810949062
DATA_MEO_Test2.csv,10,12,satclockerror (m),x_error (m),-0.590389080243696
DATA_MEO_Test2.csv,10,12,satclockerror (m),y_error (m),-0.35466122506341113
DATA_MEO_Test2.csv,10,12,satclockerror (m),z_error (m),0.21745728933587852
DATA_MEO_Test2.csv,10,12,satclockerror (m),satclockerror (m),0.1833445075503701
DATA_MEO_Test2.csv,15,2,x_error (m),x_error (m),
DATA_MEO_Test2.csv,15,2,x_error (m),y_error (m),
DATA_MEO_Test2.csv,15,2,x_error (m),z_error (m),
DATA_MEO_Test2.csv,15,2,x_error (m),satclockerror (m),
DATA_MEO_Test2.csv,15,2,y_error (m),x_error (m),
DATA_MEO_Test2.csv,15,2,y_error (m),y_error (m),
DATA_MEO_Test2.csv,15,2,y_error (m),z_error (m),
DATA_MEO_Test2.csv,15,2,y_error (m),satclockerror (m),
DATA_MEO_Test2.csv,15,2,z_error (m),x_error (m),
DATA_MEO_Test2.csv,15,2,z_error (m),y_error (m),
DATA_MEO_Test2.csv,15,2,z_error (m),z_error (m),
DATA_MEO_Test2.csv,15,2,z_error (m),satclockerror (m),
DATA_MEO_Test2.csv,15,2,satclockerror (m),x_error (m),
DATA_MEO_Test2.csv,15,2,satclockerror (m),y_error (m),
DATA_MEO_Test2.csv,15,2,satclockerror (m),z_error (m),
DATA_MEO_Test2.csv,15,2,satclockerror (m),satclockerror (m),
DATA_MEO_Test2.csv,30,5,x_error (m),x_error (m),0.8829379031822076
DATA_MEO_Test2.csv,30,5,x_error (m),y_error (m),0.9236091573884104
DATA_MEO_Test2.csv,30,5,x_error (m),z_error (m),-0.2404235970109655
DATA_MEO_Test2.csv,30,5,x_error (m),satclockerror (m),-0.8396114568541486
DATA_MEO_Test2.csv,30,5,y_error (m),x_error (m),0.4084054721633903
DATA_MEO_Test2.csv,30,5,y_error (m),y_error (m),0.18534519411488648
DATA_MEO_Test2.csv,30,5,y_error (m),z_error (m),0.1542716003031538
DATA_MEO_Test2.csv,30,5,y_error (m),satclockerror (m),0.15937963507794503
DATA_MEO_Test2.csv,30,5,z_error (m),x_error (m),-0.7431275941597122
DATA_MEO_Test2.csv,30,5,z_error (m),y_error (m),-0.8869243803265451
DATA_MEO_Test2.csv,30,5,z_error (m),z_error (m),0.22573344751410357
DATA_MEO_Test2.csv,30,5,z_error (m),satclockerror (m),0.8721754412804607
DATA_MEO_Test2.csv,30,5,satclockerror (m),x_error (m),-0.6305607643541125
DATA_MEO_Test2.csv,30,5,satclockerror (m),y_error (m),-0.8699448293239084
DATA_MEO_Test2.csv,30,5,satclockerror (m),z_error (m),-0.052774896924153075
DATA_MEO_Test2.csv,30,5,satclockerror (m),satclockerror (m),0.7316034045651519
DATA_MEO_Test2.csv,60,5,x_error (m),x_error (m),0.4888190564865271
DATA_MEO_Test2.csv,60,5,x_error (m),y_error (m),0.12885997604127236
DATA_MEO_Test2.csv,60,5,x_error (m),z_error (m),0.32554313018381353
DATA_MEO_Test2.csv,60,5,x_error (m),satclockerror (m),-0.036725150665727666
DATA_MEO_Test2.csv,60,5,y_error (m),x_error (m),0.4641207374856831
DATA_MEO_Test2.csv,60,5,y_error (m),y_error (m),0.29635054151349793
DATA_MEO_Test2.csv,60,5,y_error (m),z_error (m),0.49697471963238526
DATA_MEO_Test2.csv,60,5,y_error (m),satclockerror (m),0.15621647091567373
DATA_MEO_Test2.csv,60,5,z_error (m),x_error (m),-0.36810742314012945
DATA_MEO_Test2.csv,60,5,z_error (m),y_error (m),0.4330716948683784
DATA_MEO_Test2.csv,60,5,z_error (m),z_error (m),0.3272413140994909
DATA_MEO_Test2.csv,60,5,z_error (m),satclockerror (m),0.6098160923518252
DATA_MEO_Test2.csv,60,5,satclockerror (m),x_error (m),-0.2006841400408481
DATA_MEO_Test2.csv,60,5,satclockerror (m),y_error (m),-0.6889735693116711
DATA_MEO_Test2.csv,60,5,satclockerror (m),z_error (m),-0.8204559943402127
DATA_MEO_Test2.csv,60,5,satclockerror (m),satclockerror (m),-0.6834463891511877
DATA_MEO_Test2.csv,120,8,x_error (m),x_error (m),0.12396020849534291
DATA_MEO_Test2.csv,120,8,x_error (m),y_error (m),-0.5431223814991016
DATA_MEO_Test2.csv,120,8,x_error (m),z_error (m),0.5134865208422316
DATA_MEO_Test2.csv,120,8,x_error (m),satclockerror (m),-0.37631099463147927
DATA_MEO_Test2.csv,120,8,y_error (m),x_error (m),0.07675231003439882
DATA_MEO_Test2.csv,120,8,y_error (m),y_error (m),-0.2519044471244962
DATA_MEO_Test2.csv,120,8,y_error (m),z_error (m),-0.12512691881523
DATA_MEO_Test2.csv,120,8,y_error (m),satclockerror (m),0.20864405708319783
DATA_MEO_Test2.csv,120,8,z_error (m),x_error (m),-0.12280563031755971
DATA_MEO_Test2.csv,120,8,z_error (m),y_error (m),0.5471113279114301
DATA_MEO_Test2.csv,120,8,z_error (m),z_error (m),-0.5104898675284287
DATA_MEO_Test2.csv,120,8,z_error (m),satclockerror (m),0.36557892706134815
DATA_MEO_Test2.csv,120,8,satclockerror (m),x_error (m),-0.20875300646180817
DATA_MEO_Test2.csv,120,8,satclockerror (m),y_error (m),0.5083800743118988
DATA_MEO_Test2.csv,120,8,satclockerror (m),z_error (m),-0.3507762512405066
DATA_MEO_Test2.csv,120,8,satclockerror (m),satclockerror (m),0.542313616047432
