dataset,validation_day,variable,n,mae,rmse,residual_mean,residual_std
GEO,2025-09-02,x_error (m),12,1.9687346168333333,2.565049144912183,1.6337062608333335,1.9774936078603864
GEO,2025-09-02,y_error (m),12,1.8398263419166667,2.5028813351814225,1.5857257415833332,1.9364629742082673
GEO,2025-09-02,z_error (m),12,2.0914734158333332,3.3042393975644284,0.7301045168333334,3.2225681359618292
GEO,2025-09-02,satclockerror (m),12,1.96091569925,2.3451583556365994,1.2805796860833334,1.9646585913595442
GEO,2025-09-03,x_error (m),33,1.670300619909091,2.231723332883165,-0.939737224090909,2.0242240449597113
GEO,2025-09-03,y_error (m),33,1.6069201931515151,2.0525317745994514,-0.892960291939394,1.8481094672015195
GEO,2025-09-03,z_error (m),33,2.6855881932424244,3.166669653530367,-2.007524676393939,2.44900824177044
GEO,2025-09-03,satclockerror (m),33,1.9368013451515151,2.2900529489926686,1.6890692392727271,1.5464112047358776
GEO,2025-09-04,x_error (m),12,2.9542562468333333,3.6760543551594385,-1.1032566900000003,3.5065938313492935
GEO,2025-09-04,y_error (m),12,2.5508557925833335,3.182466998418374,-1.00039726625,3.0211424173152746
GEO,2025-09-04,z_error (m),12,2.6512269400833333,3.3247769495231405,-2.07789852925,2.5954728791149186
GEO,2025-09-04,satclockerror (m),12,3.1059418859999997,3.4359537596663974,1.294475398,3.182783637405847
GEO,2025-09-05,x_error (m),12,2.0029969924999995,2.455098806979799,-0.8515292926666668,2.3026958148579326
GEO,2025-09-05,y_error (m),12,1.8750993632500002,2.2716761639926566,-0.7978918944166669,2.126941729074065
GEO,2025-09-05,z_error (m),12,2.8373708328333334,3.557486523211886,-2.731513549666667,2.2791542490190526
GEO,2025-09-05,satclockerror (m),12,3.543183827,4.078459028983843,3.1074879078333333,2.6414668186008794
GEO,2025-09-06,x_error (m),11,2.517014730181818,3.0900604821269693,1.697098139090909,2.5823113076267417
GEO,2025-09-06,y_error (m),11,4.395430968545455,6.8586541608254095,1.8338771476363638,6.608935731657921
GEO,2025-09-06,z_error (m),11,3.963865687363637,5.388670002794601,0.5718403382727274,5.3582425315155815
GEO,2025-09-06,satclockerror (m),11,3.8018939005454544,4.454044701454353,-3.018787466545455,3.2749712112294462
GEO,2025-09-07,x_error (m),53,5.047925117622641,7.628387539160753,-0.6997006720377356,7.596230342556298
GEO,2025-09-07,y_error (m),53,7.855516194584906,13.639816021465315,-0.7392171673396227,13.619770155143302
GEO,2025-09-07,z_error (m),53,8.593285904660377,11.663589584201073,6.126760329981132,9.924823920234214
GEO,2025-09-07,satclockerror (m),53,2.753089259566038,5.408665353779264,0.11460004466037732,5.407451131442245
MEO,2025-09-02,x_error (m),7,0.19995681885714287,0.26902544716430304,0.12135013828571435,0.2401017183611796
MEO,2025-09-02,y_error (m),7,0.648368887,0.7060248514690659,0.648368887,0.2794438713987082
MEO,2025-09-02,z_error (m),7,0.6197904652857141,0.6818910249069817,0.44844251899999993,0.5136873338925427
MEO,2025-09-02,satclockerror (m),7,0.19024385714285713,0.2520466806725312,0.03698951599999999,0.24931767876371433
MEO,2025-09-03,x_error (m),5,0.33482451700000004,0.4409341133649382,0.33482451700000004,0.28690666626037264
MEO,2025-09-03,y_error (m),5,0.6821341888,0.6966038986063635,0.6821341888,0.1412442566044748
MEO,2025-09-03,z_error (m),5,1.1872338897999999,1.213778931946004,1.1872338897999999,0.2524578906398918
MEO,2025-09-03,satclockerror (m),5,0.20250336,0.23294595772974908,0.09739454160000001,0.2116084178126095
MEO,2025-09-05,x_error (m),6,0.1477001453333333,0.1619540856714101,-0.1477001453333333,0.06643638260903927
MEO,2025-09-05,y_error (m),6,0.28058375,0.4187934361994473,-0.2470478816666667,0.3381645847331639
MEO,2025-09-05,z_error (m),6,1.0270979115,1.1216200585774752,-1.0270979115,0.4506677667591468
MEO,2025-09-05,satclockerror (m),6,0.1417556595,0.17419428928736705,0.026977249166666672,0.17209264495535684
MEO,2025-09-06,x_error (m),7,0.33194928528571427,0.4100502387164331,0.31622473842857135,0.2610423587795387
MEO,2025-09-06,y_error (m),7,0.7693013682857144,0.829263357654004,0.5930786434285714,0.5795993780677459
MEO,2025-09-06,z_error (m),7,0.43389174185714297,0.6243322198354383,0.3916219484285715,0.48623345240085586
MEO,2025-09-06,satclockerror (m),7,0.2647816154285714,0.37269509955103086,0.21710181742857143,0.3029330587746475
MEO,2025-09-07,x_error (m),10,0.6651178575000001,0.8933466531623522,-0.6557185045,0.6067136767641385
MEO,2025-09-07,y_error (m),10,1.0174671564,1.154314997402354,1.0174671564,0.5451639192713461
MEO,2025-09-07,z_error (m),10,0.6250456662999999,0.7859197005425022,-0.4187476185,0.6650715808853921
MEO,2025-09-07,satclockerror (m),10,0.8608331030999998,0.9244310961194601,-0.7030890391,0.6001988458586581
MEO2,2025-09-04,x_error (m),17,0.14033026688235295,0.21474800806784658,-0.1025150499411765,0.1886991560783089
MEO2,2025-09-04,y_error (m),17,0.2106383776470588,0.28407204926259155,0.1882183644705882,0.21276930335051866
MEO2,2025-09-04,z_error (m),17,0.18529196329411765,0.2583659795160205,-0.01817818576470589,0.25772569319642263
MEO2,2025-09-04,satclockerror (m),17,0.05333507817647059,0.06124554037509605,0.047108371117647055,0.03913844128832364
MEO2,2025-09-06,x_error (m),29,0.1687778342413793,0.28917705881072175,-0.1537985022413793,0.24488648809341862
MEO2,2025-09-06,y_error (m),29,0.20679075644827585,0.3353942672797292,-0.11459113789655173,0.31521133488451825
MEO2,2025-09-06,z_error (m),29,0.18045661600000001,0.29415691246306414,-0.01969731986206897,0.2934966860801909
MEO2,2025-09-06,satclockerror (m),29,0.026215396827586213,0.04301889292034215,0.00324681675862069,0.042896192477046305
MEO2,2025-09-07,x_error (m),34,0.7436731067352942,0.7678625281897168,0.7395296722058824,0.20666089645833755
MEO2,2025-09-07,y_error (m),34,1.0315961675294116,1.0348128968472547,1.0315961675294116,0.08152961805403636
MEO2,2025-09-07,z_error (m),34,0.4283795884705882,0.4652200526963498,0.423239498,0.19312696539712557
MEO2,2025-09-07,satclockerror (m),34,0.08400866399999998,0.08616784163115361,0.08155310452941175,0.02782064113183609
MEO2,2025-09-08,x_error (m),6,0.09692363283333334,0.10712333465920665,0.08894000916666667,0.05970832101090798
MEO2,2025-09-08,y_error (m),6,0.40356389083333327,0.5069477131784144,0.40356389083333327,0.3068096639812462
MEO2,2025-09-08,z_error (m),6,0.09745358833333333,0.10668523977956532,0.06007880133333335,0.0881605241430268
MEO2,2025-09-08,satclockerror (m),6,0.015063611666666666,0.016840902132672902,-0.0015721816666666654,0.016767356066156165
MEO2,2025-09-09,x_error (m),34,0.06950675055882352,0.15426885858450656,-0.03884343644117647,0.14929858731550932
MEO2,2025-09-09,y_error (m),34,0.23377347261764705,0.2780851987417068,-0.20254281761764706,0.19054601751471772
MEO2,2025-09-09,z_error (m),34,0.19330702985294118,0.2659635366483437,0.12060792344117649,0.23704499916619667
MEO2,2025-09-09,satclockerror (m),34,0.02267860355882353,0.03343862151198844,0.002860114735294116,0.03331607948608254
