utc_time,Persistence_3d_error_m,Harmonic Ridge_3d_error_m,Random Forest_3d_error_m,Gaussian Process_3d_error_m,BiLSTM-GRU_3d_error_m,Transformer_3d_error_m,GEO Gated MoE_3d_error_m
2025-09-08 00:11:00,67.35486693123198,71.36398369168936,67.86559595576534,69.06581632748679,69.24212690866165,69.21485177504745,71.16066483681601
2025-09-08 00:24:00,84.32473550805021,80.66542275630738,85.03768818488084,81.97091109791864,81.57740766664854,81.63176975354084,80.04913187976317
2025-09-08 00:39:00,3.974675057666479,4.85271960786651,1.6330645877194625,5.465800306456285,5.998913522379694,5.96859470526367,6.728961467933015
2025-09-08 00:54:00,47.2922265803589,47.98423427933264,46.377203584608395,49.38281797700911,49.92304623584065,49.86586196770975,49.82340039135678
2025-09-08 01:09:00,8.494398351160218,8.894850760272853,8.350259515880799,6.274734321547398,5.751013811825135,5.794450854028014,7.391934545994995
2025-09-08 01:24:00,4.7489017939506555,9.719126673639458,7.752248238822413,6.2351595517711935,6.583891562086179,6.5144389076887075,10.00258852570352
2025-09-08 01:39:00,3.740400427047159,8.24861863386105,3.910418201403669,6.387764851982382,6.956653449311714,6.844545075715796,9.195937055764366
2025-09-08 01:54:00,25.693965694683957,25.91006237490355,29.54834886925702,23.595907613598257,23.10748615547412,23.213624138466947,24.471107757721146
2025-09-08 02:09:00,2.874114019326681,2.292186957495042,2.478198422022278,3.5109049498396536,3.9504753134058728,3.910759607207228,3.8514271830906517
2025-09-08 02:24:00,5.931609147272438,3.486390244902956,3.913145245474618,3.4235669965444195,3.0067396382897456,3.1050789925903595,2.054893400993109
2025-09-08 02:40:00,29.55877209211307,30.5454482759327,33.49624986323522,31.987958740004235,32.51159286116601,32.44185011280486,32.116417394341376
2025-09-08 02:54:00,2.4144922837837854,1.1376987447064826,2.07378004373116,1.5750144426162227,1.9435193080950084,1.9301038811921496,1.9498428058625015
2025-09-08 03:09:00,9.776903396865467,11.721237656551155,11.380248610086086,10.255971254471666,10.354254890626665,10.251181189109005,11.307121683260775
2025-09-08 03:24:00,2.934748575529873,4.962992231542128,4.161999608656543,5.5957057409666495,6.073113079591358,6.061317910930763,6.3135865796390185
2025-09-08 03:39:00,25.274482940797686,24.22288938412909,13.403218795803125,22.99708809010658,22.56743722980845,22.512306678997522,22.715170165484857
2025-09-08 03:54:00,4.145920806267167,3.5646579523145223,3.3383340451626333,3.6466024856023784,3.8391014116876048,3.931909907626764,4.541702280308284
2025-09-08 04:09:00,3.204352739325775,4.327800898366897,0.7459082445813648,5.184656714448302,5.605916607133968,5.735237350164256,6.213188242525574
2025-09-08 04:24:00,2.6105165149896323,1.424999640497594,5.655962294501343,1.7222096975745285,1.9070178759517613,1.7681328920695876,1.0145143457003611
2025-09-08 04:40:00,0.572528096048455,1.0081693505880116,3.8517233180040664,2.464524652236218,2.871284650713392,2.9688864200374727,3.02270862430262
2025-09-08 04:54:00,4.089100603788699,4.096508257690886,3.84706074760353,1.60334068637989,1.4270696500303781,1.4185424039471528,3.8863421422394393
2025-09-08 05:09:00,52.02493209083966,52.49035677506999,52.65580992315173,54.74582832624009,55.162580425350086,55.286171227754394,54.067945832168874
2025-09-08 05:24:00,8.914298108554561,8.081786221046272,11.489610774806426,6.765962046991133,6.394765557592628,6.223051427014587,6.368371820909091
2025-09-08 05:40:00,8.177077085256895,9.683341903847174,7.1773711741607995,8.544873862571338,8.813636057669223,8.93007116641634,10.645488268834907
2025-09-08 05:54:00,0.33575922134722136,1.5113725717800695,3.9683037398091012,2.653518243645069,3.0665315621969387,3.1920767037513187,2.8036623267758296
2025-09-08 06:09:00,5.187087445758663,4.595373076788014,10.932280458933743,3.7432373892167323,3.542477030498299,3.357911332773226,2.5218294646791275
2025-09-08 06:24:00,2.328256006558876,3.345224581868841,1.6131252864395014,2.3653963949007055,2.7763519344449032,2.8938837314617203,3.9378448545080946
2025-09-08 06:40:00,41.884479751647284,41.184640225592666,41.9431432386828,39.27426752050103,38.820318480245874,38.68543180078795,39.58560474531497
2025-09-08 06:55:00,1.4004552147645635,2.5730463786738698,3.8845431265692434,3.666895872264067,4.12970141750083,4.27192736651134,4.150786590232191
2025-09-08 07:09:00,10.20523568493367,9.863958244558168,11.940204629361702,10.613002742377892,10.537791020015133,10.486826026192093,9.345216589324963
2025-09-08 07:24:00,8.840380925056596,7.366757841845645,8.044905479854037,6.924353160941146,6.500332977363335,6.34640554238031,5.784071628299416
2025-09-08 07:40:00,29.28840076285805,31.422163519258383,28.955208168350815,31.715977868413503,32.21318342148348,32.34173140811047,32.937950029324504
2025-09-08 07:54:00,2.9890092880839236,1.059603440240234,5.094927836789471,0.5180085711963591,0.5750350586765683,0.4569908321333,1.3225622737514107
2025-09-08 08:09:00,1.161279448036804,2.837854750356611,0.4297830494482642,2.50022988880296,3.0138522771677256,3.133216598186648,4.268035888062675
2025-09-08 08:24:00,27.55557680034827,24.377097260650057,26.21165518017291,24.857981284684673,24.35834388881893,24.240058692079934,22.93179151238982
2025-09-08 08:40:00,15.725301792499499,18.779466993930665,14.085871654599789,18.314601547241384,18.83201852949044,18.951744099687883,20.21690826771618
2025-09-08 08:55:00,23.37123989826012,20.85444364851371,24.191030319278752,20.86951668189939,20.344508493770753,20.198415655084727,19.287436307216648
2025-09-08 09:09:00,18.20868123993565,21.526324808947273,18.650624982349537,20.34590586066428,20.63378426473972,20.65334554616472,22.09821390033628
2025-09-08 09:24:00,3.8846631944607615,1.7832564647440199,5.144882149132374,1.1461750263032808,0.6914980488723239,0.6420989976472343,1.1242490727764596
2025-09-08 09:40:00,8.3273298875766,5.354996204122972,9.818915454040049,6.404593221326279,6.247022790291714,6.285958027297745,5.162114953883647
2025-09-08 10:00:00,43.770903083781995,44.58350516041421,42.71434331709696,44.19643199368118,44.184390056857616,44.113157018250185,43.56124020945314
2025-09-08 12:00:00,3.5160658204784676,2.8322630335993337,4.303046018398355,0.9088861461536657,0.5509564619293866,0.5252305789129309,2.1946434945387367
2025-09-08 14:00:00,8.07682603643316,9.60403934675931,4.026968118526574,9.686603168857992,10.217107970501592,10.277919133725876,11.751367876247354
2025-09-08 16:00:00,5.55970323400911,3.6846739958479118,7.229774618091465,3.4541661355373092,2.8840597748843986,2.97451608953882,2.795362025687066
2025-09-08 16:04:00,63.231208304135286,62.47804960319727,64.62608749899441,62.71726901354611,62.58728351419618,62.69933866997178,63.50926099886709
2025-09-08 16:25:00,41.42584426775127,39.25711217678967,43.89768979508394,38.79087717662245,38.1835152256728,38.13004533354676,37.006867965696564
2025-09-08 16:40:00,1.624390802267727,2.257682601333993,3.030165158713632,2.5766276495351876,2.9440875654952183,3.0472478350463104,4.038818011068324
2025-09-08 16:56:00,42.56660926328625,44.756814740721815,43.50617202119749,45.23374208415844,45.81957594063301,45.89300208999784,47.01772551002027
2025-09-08 17:10:00,57.856112499658295,58.40452498435585,58.09233878116977,58.06265351255232,57.980687403674324,57.91705149708561,56.61768753399211
2025-09-08 17:25:00,59.17312929302772,58.63060280841861,59.33718534631662,58.91157299405953,58.99183905834979,59.080541604820446,60.502229277440264
2025-09-08 17:41:00,3.910036305091387,3.57700177066395,4.170547807451942,3.4105508830394924,3.7353756261860083,3.766541844042017,5.425947826076597
2025-09-08 17:55:00,62.15373167657679,62.49440396512343,65.90439337906251,62.48622543168974,62.485995077594346,62.358232437522034,60.766019629102544
2025-09-08 18:10:00,2.8513061306701846,2.039114038860746,3.0237323868476182,1.7002081578968455,1.8901012842662577,1.7890684514629864,2.116021340810019
2025-09-08 18:26:00,2.3984474883266405,1.1728034559460923,0.9486930465726885,0.6167759444294919,1.0332015998822992,1.2421012329966656,3.059450295398405
2025-09-08 18:40:00,2.5782324461983896,1.3643139360129048,2.201053739138964,0.8059927763511882,1.0531589853599754,1.3175934053389637,3.1233374914768635
2025-09-08 18:56:00,4.3736834547632695,2.9703977985393872,4.788882319803431,1.694416845599076,1.1747995431821054,1.1646397205527403,2.779717186075334
2025-09-08 19:10:00,3.942375670304955,2.207110027486859,5.642621014676314,1.8954546536602077,1.6102714150018371,1.6179084111239364,1.7109332441200558
2025-09-08 19:26:00,4.358010138155896,3.481009727262642,5.208348864065992,1.7348824999710184,1.398744895342452,1.3567511185144858,3.457406267863686
2025-09-08 19:40:00,3.737751687778563,2.4237125002655637,4.163207105344567,1.1553185669849826,0.6676484818280821,0.762731038098506,2.2833653480950615
2025-09-08 19:56:00,3.0699201683193937,1.815603551070179,6.220226783295463,0.6651129119439272,0.43389801988225907,0.6510627486876416,1.7792740304773687
2025-09-08 20:10:00,3.582283968169922,2.496457912547581,6.158528174549286,0.8576508515526108,0.4329594599421992,0.28134128972929695,1.803098761604819
2025-09-08 20:26:00,4.562253088642278,3.7173506200384354,9.815312780375724,2.086127269604785,1.5982945893516838,1.4648741879131384,2.3425295136164923
2025-09-08 20:40:00,3.1650140460284466,2.4909228270586063,7.232909876557117,0.43723513407333997,0.21808683681877827,0.34874807974417066,1.4560014394845444
2025-09-08 20:56:00,3.4233949096409195,3.173064812876407,3.0311553344140942,0.7784055342600306,0.29036069658852137,0.40218592184741825,2.0072379295735967
2025-09-08 21:13:00,23.45261575274139,23.678188260784026,16.888144744809505,25.98767884031342,26.434219355701348,26.60795637405224,24.864417875738553
2025-09-08 22:58:00,24.4568700046028,24.618236726681555,22.910742291019794,22.28667678656066,21.810030390996804,21.648573311960867,22.061006983716904
2025-09-08 23:00:00,33.32701276352378,30.986009341791377,33.18486351617983,34.51938544641735,35.0792833989735,35.09835749921759,33.08459104691394
2025-09-08 23:10:00,25.67754169354722,26.582016172618193,24.19966392732939,23.40909098239605,22.816013677076953,22.774727468143865,24.828794422579254
2025-09-08 23:26:00,12.124539511273005,15.142548080891833,12.582444904829412,11.91668546971965,11.57702784988831,11.677559307082984,14.095012576640324
2025-09-08 23:41:00,5.1790236391182605,4.952242590932664,5.525172143114235,2.533427589528812,1.9612402208363076,1.8686750134466261,3.1296157465968055
