dataset,validation_day,variable,sample_index,residual
GEO,2025-09-02,x_error (m),0,-2.010170136
GEO,2025-09-02,x_error (m),1,0.24648809400000016
GEO,2025-09-02,x_error (m),2,2.421308074
GEO,2025-09-02,x_error (m),3,4.5833556170000005
GEO,2025-09-02,x_error (m),4,1.3726709890000002
GEO,2025-09-02,x_error (m),5,0.7890448310000001
GEO,2025-09-02,x_error (m),6,1.059688307
GEO,2025-09-02,x_error (m),7,5.916860882
GEO,2025-09-02,x_error (m),8,0.40836298800000015
GEO,2025-09-02,x_error (m),9,2.267707236
GEO,2025-09-02,x_error (m),10,0.6481033410000001
GEO,2025-09-02,x_error (m),11,1.9010549070000002
GEO,2025-09-02,y_error (m),0,-1.524603602
GEO,2025-09-02,y_error (m),1,0.5816467590000001
GEO,2025-09-02,y_error (m),2,2.217333827
GEO,2025-09-02,y_error (m),3,4.416344385
GEO,2025-09-02,y_error (m),4,1.120173562
GEO,2025-09-02,y_error (m),5,0.7169089610000001
GEO,2025-09-02,y_error (m),6,0.819780126
GEO,2025-09-02,y_error (m),7,6.164727538999999
GEO,2025-09-02,y_error (m),8,0.21487625700000001
GEO,2025-09-02,y_error (m),9,2.040630802
GEO,2025-09-02,y_error (m),10,0.467582807
GEO,2025-09-02,y_error (m),11,1.793307476
GEO,2025-09-02,z_error (m),0,2.559205998
GEO,2025-09-02,z_error (m),1,1.978993507
GEO,2025-09-02,z_error (m),2,-0.6714546410000001
GEO,2025-09-02,z_error (m),3,-0.882871961
GEO,2025-09-02,z_error (m),4,0.03251384800000001
GEO,2025-09-02,z_error (m),5,0.091510774
GEO,2025-09-02,z_error (m),6,0.254125229
GEO,2025-09-02,z_error (m),7,9.763540939
GEO,2025-09-02,z_error (m),8,-1.2571177409999998
GEO,2025-09-02,z_error (m),9,-3.888867493
GEO,2025-09-02,z_error (m),10,-1.4679015579999999
GEO,2025-09-02,z_error (m),11,2.249577301
GEO,2025-09-02,satclockerror (m),0,1.751736049
GEO,2025-09-02,satclockerror (m),1,0.31746105700000005
GEO,2025-09-02,satclockerror (m),2,2.026463369
GEO,2025-09-02,satclockerror (m),3,2.724472038
GEO,2025-09-02,satclockerror (m),4,-3.2488818059999995
GEO,2025-09-02,satclockerror (m),5,-0.09260762899999997
GEO,2025-09-02,satclockerror (m),6,1.23137084
GEO,2025-09-02,satclockerror (m),7,1.717738805
GEO,2025-09-02,satclockerror (m),8,4.129226017
GEO,2025-09-02,satclockerror (m),9,4.052926708
GEO,2025-09-02,satclockerror (m),10,1.4975774290000001
GEO,2025-09-02,satclockerror (m),11,-0.7405266439999999
GEO,2025-09-03,x_error (m),0,0.48336082699999994
GEO,2025-09-03,x_error (m),1,0.798993905
GEO,2025-09-03,x_error (m),2,-0.11637819500000002
GEO,2025-09-03,x_error (m),3,1.481516488
GEO,2025-09-03,x_error (m),4,1.0005877920000001
GEO,2025-09-03,x_error (m),5,-0.970685877
GEO,2025-09-03,x_error (m),6,-1.901499763
GEO,2025-09-03,x_error (m),7,-0.713181853
GEO,2025-09-03,x_error (m),8,-1.014595382
GEO,2025-09-03,x_error (m),9,-0.662366394
GEO,2025-09-03,x_error (m),10,-2.929115343
GEO,2025-09-03,x_error (m),11,-2.584376927
GEO,2025-09-03,x_error (m),12,-0.612346109
GEO,2025-09-03,x_error (m),13,-3.215583331
GEO,2025-09-03,x_error (m),14,-1.9411774720000001
GEO,2025-09-03,x_error (m),15,-1.7914051
GEO,2025-09-03,x_error (m),16,-0.834945395
GEO,2025-09-03,x_error (m),17,5.91296253
GEO,2025-09-03,x_error (m),18,-2.893797557
GEO,2025-09-03,x_error (m),19,-0.20394843800000007
GEO,2025-09-03,x_error (m),20,-0.5433538250000001
GEO,2025-09-03,x_error (m),21,-1.9575621820000002
GEO,2025-09-03,x_error (m),22,0.172045157
GEO,2025-09-03,x_error (m),23,-1.9756736570000002
GEO,2025-09-03,x_error (m),24,-0.343334011
GEO,2025-09-03,x_error (m),25,-6.422602787000001
GEO,2025-09-03,x_error (m),26,-0.820152491
GEO,2025-09-03,x_error (m),27,-0.44531613200000003
GEO,2025-09-03,x_error (m),28,-2.347036045
GEO,2025-09-03,x_error (m),29,-3.779194012
GEO,2025-09-03,x_error (m),30,-2.045996148
GEO,2025-09-03,x_error (m),31,1.172293857
GEO,2025-09-03,x_error (m),32,1.032535475
GEO,2025-09-03,y_error (m),0,0.80764392
GEO,2025-09-03,y_error (m),1,0.86342873
GEO,2025-09-03,y_error (m),2,0.5994126270000001
GEO,2025-09-03,y_error (m),3,1.628043264
GEO,2025-09-03,y_error (m),4,0.897407744
GEO,2025-09-03,y_error (m),5,-2.262502701
GEO,2025-09-03,y_error (m),6,-1.6414160770000001
GEO,2025-09-03,y_error (m),7,-0.929177449
GEO,2025-09-03,y_error (m),8,-1.179457661
GEO,2025-09-03,y_error (m),9,-0.803956617
GEO,2025-09-03,y_error (m),10,-2.296674692
GEO,2025-09-03,y_error (m),11,-2.620233503
GEO,2025-09-03,y_error (m),12,-0.420780085
GEO,2025-09-03,y_error (m),13,-2.53473508
GEO,2025-09-03,y_error (m),14,-1.6104894060000001
GEO,2025-09-03,y_error (m),15,-1.704842158
GEO,2025-09-03,y_error (m),16,-0.738559716
GEO,2025-09-03,y_error (m),17,5.0611687629999995
GEO,2025-09-03,y_error (m),18,-2.278240763
GEO,2025-09-03,y_error (m),19,-0.370984845
GEO,2025-09-03,y_error (m),20,-0.29826999100000007
GEO,2025-09-03,y_error (m),21,-1.8295654959999998
GEO,2025-09-03,y_error (m),22,-0.09392336800000001
GEO,2025-09-03,y_error (m),23,-1.667859108
GEO,2025-09-03,y_error (m),24,-0.514675968
GEO,2025-09-03,y_error (m),25,-6.017990191
GEO,2025-09-03,y_error (m),26,-0.968691286
GEO,2025-09-03,y_error (m),27,-0.7027541110000001
GEO,2025-09-03,y_error (m),28,-2.276989487
GEO,2025-09-03,y_error (m),29,-3.486932658
GEO,2025-09-03,y_error (m),30,-1.998325587
GEO,2025-09-03,y_error (m),31,0.819003552
GEO,2025-09-03,y_error (m),32,1.1042297699999999
GEO,2025-09-03,z_error (m),0,0.9165023470000002
GEO,2025-09-03,z_error (m),1,-0.543087492
GEO,2025-09-03,z_error (m),2,-2.254776864
GEO,2025-09-03,z_error (m),3,-3.949925501
GEO,2025-09-03,z_error (m),4,-2.017297004
GEO,2025-09-03,z_error (m),5,-2.6175017449999998
GEO,2025-09-03,z_error (m),6,-1.6879755559999998
GEO,2025-09-03,z_error (m),7,-1.7181442749999998
GEO,2025-09-03,z_error (m),8,-2.613054854
GEO,2025-09-03,z_error (m),9,-4.383618975999999
GEO,2025-09-03,z_error (m),10,1.3928707300000003
GEO,2025-09-03,z_error (m),11,-5.618007393
GEO,2025-09-03,z_error (m),12,-1.7112704509999999
GEO,2025-09-03,z_error (m),13,-2.18752633
GEO,2025-09-03,z_error (m),14,-2.93414925
GEO,2025-09-03,z_error (m),15,-2.080947974
GEO,2025-09-03,z_error (m),16,-2.086636349
GEO,2025-09-03,z_error (m),17,8.673675873
GEO,2025-09-03,z_error (m),18,-3.029018046
GEO,2025-09-03,z_error (m),19,-1.570279309
GEO,2025-09-03,z_error (m),20,-1.186141246
GEO,2025-09-03,z_error (m),21,-2.719719744
GEO,2025-09-03,z_error (m),22,-2.611219813
GEO,2025-09-03,z_error (m),23,-1.72569103
GEO,2025-09-03,z_error (m),24,-2.299489075
GEO,2025-09-03,z_error (m),25,-2.707377739
GEO,2025-09-03,z_error (m),26,-2.1555608299999998
GEO,2025-09-03,z_error (m),27,-1.709567221
GEO,2025-09-03,z_error (m),28,-3.2025260529999997
GEO,2025-09-03,z_error (m),29,-3.577697866
GEO,2025-09-03,z_error (m),30,-6.598739368
GEO,2025-09-03,z_error (m),31,-3.939414995
GEO,2025-09-03,z_error (m),32,0.20499907800000017
GEO,2025-09-03,satclockerror (m),0,0.4951045169999999
GEO,2025-09-03,satclockerror (m),1,0.24989829899999982
GEO,2025-09-03,satclockerror (m),2,4.0909684219999995
GEO,2025-09-03,satclockerror (m),3,4.822758544
GEO,2025-09-03,satclockerror (m),4,-4.087579747
GEO,2025-09-03,satclockerror (m),5,0.7192550799999999
GEO,2025-09-03,satclockerror (m),6,1.780429095
GEO,2025-09-03,satclockerror (m),7,1.330537089
GEO,2025-09-03,satclockerror (m),8,1.6239285879999998
GEO,2025-09-03,satclockerror (m),9,1.594486031
GEO,2025-09-03,satclockerror (m),10,1.60974055
GEO,2025-09-03,satclockerror (m),11,1.65610924
GEO,2025-09-03,satclockerror (m),12,1.565027314
GEO,2025-09-03,satclockerror (m),13,1.749342296
GEO,2025-09-03,satclockerror (m),14,1.749342296
GEO,2025-09-03,satclockerror (m),15,1.547566952
GEO,2025-09-03,satclockerror (m),16,1.6751784079999998
GEO,2025-09-03,satclockerror (m),17,0.49292661399999993
GEO,2025-09-03,satclockerror (m),18,1.826770443
GEO,2025-09-03,satclockerror (m),19,1.5786537509999998
GEO,2025-09-03,satclockerror (m),20,1.866055817
GEO,2025-09-03,satclockerror (m),21,1.5628488729999999
GEO,2025-09-03,satclockerror (m),22,1.7024505879999998
GEO,2025-09-03,satclockerror (m),23,1.7024505879999998
GEO,2025-09-03,satclockerror (m),24,1.74825321
GEO,2025-09-03,satclockerror (m),25,2.105450887
GEO,2025-09-03,satclockerror (m),26,1.671363819
GEO,2025-09-03,satclockerror (m),27,1.422696738
GEO,2025-09-03,satclockerror (m),28,1.787532557
GEO,2025-09-03,satclockerror (m),29,4.937315448
GEO,2025-09-03,satclockerror (m),30,5.034399248
GEO,2025-09-03,satclockerror (m),31,1.7810412409999998
GEO,2025-09-03,satclockerror (m),32,0.34698209999999996
GEO,2025-09-04,x_error (m),0,0.811334942
GEO,2025-09-04,x_error (m),1,-2.5560452970000003
GEO,2025-09-04,x_error (m),2,-2.690257046
GEO,2025-09-04,x_error (m),3,-1.5462922970000001
GEO,2025-09-04,x_error (m),4,-1.8257741070000002
GEO,2025-09-04,x_error (m),5,8.192476891999998
GEO,2025-09-04,x_error (m),6,-2.666421257
GEO,2025-09-04,x_error (m),7,-5.8837125
GEO,2025-09-04,x_error (m),8,-5.151576884
GEO,2025-09-04,x_error (m),9,-1.290106427
GEO,2025-09-04,x_error (m),10,2.1021855069999997
GEO,2025-09-04,x_error (m),11,-0.734891806
GEO,2025-09-04,y_error (m),0,1.0140025019999999
GEO,2025-09-04,y_error (m),1,-1.9837505180000001
GEO,2025-09-04,y_error (m),2,-0.8376919920000001
GEO,2025-09-04,y_error (m),3,-1.40215205
GEO,2025-09-04,y_error (m),4,-1.972775392
GEO,2025-09-04,y_error (m),5,6.610941064
GEO,2025-09-04,y_error (m),6,-2.45940683
GEO,2025-09-04,y_error (m),7,-5.70644737
GEO,2025-09-04,y_error (m),8,-4.709688101
GEO,2025-09-04,y_error (m),9,-1.435728539
GEO,2025-09-04,y_error (m),10,1.6778075920000002
GEO,2025-09-04,y_error (m),11,-0.799877561
GEO,2025-09-04,z_error (m),0,1.6148763430000002
GEO,2025-09-04,z_error (m),1,0.4779808590000001
GEO,2025-09-04,z_error (m),2,-2.1786666980000002
GEO,2025-09-04,z_error (m),3,-4.684558163
GEO,2025-09-04,z_error (m),4,-2.340597608
GEO,2025-09-04,z_error (m),5,-1.074534807
GEO,2025-09-04,z_error (m),6,0.786701313
GEO,2025-09-04,z_error (m),7,-2.076431538
GEO,2025-09-04,z_error (m),8,-4.430681177
GEO,2025-09-04,z_error (m),9,-7.287543210000001
GEO,2025-09-04,z_error (m),10,-4.301739615
GEO,2025-09-04,z_error (m),11,0.5604119499999998
GEO,2025-09-04,satclockerror (m),0,-1.15081118
GEO,2025-09-04,satclockerror (m),1,0.808089431
GEO,2025-09-04,satclockerror (m),2,4.403953306
GEO,2025-09-04,satclockerror (m),3,3.9468905039999997
GEO,2025-09-04,satclockerror (m),4,-3.980887749
GEO,2025-09-04,satclockerror (m),5,-4.1587470600000005
GEO,2025-09-04,satclockerror (m),6,2.83881312
GEO,2025-09-04,satclockerror (m),7,3.7822439169999997
GEO,2025-09-04,satclockerror (m),8,4.687417148
GEO,2025-09-04,satclockerror (m),9,4.856539907
GEO,2025-09-04,satclockerror (m),10,1.078556371
GEO,2025-09-04,satclockerror (m),11,-1.578352939
GEO,2025-09-05,x_error (m),0,-0.7192324210000001
GEO,2025-09-05,x_error (m),1,2.6271250999999998
GEO,2025-09-05,x_error (m),2,-1.010743618
GEO,2025-09-05,x_error (m),3,-5.793951455
GEO,2025-09-05,x_error (m),4,-1.289461959
GEO,2025-09-05,x_error (m),5,-1.038376599
GEO,2025-09-05,x_error (m),6,-0.17771452600000004
GEO,2025-09-05,x_error (m),7,-3.338944606
GEO,2025-09-05,x_error (m),8,-1.675206512
GEO,2025-09-05,x_error (m),9,2.34662984
GEO,2025-09-05,x_error (m),10,1.9350512589999997
GEO,2025-09-05,x_error (m),11,-2.0835260150000003
GEO,2025-09-05,y_error (m),0,-0.50519329
GEO,2025-09-05,y_error (m),1,2.7614845929999996
GEO,2025-09-05,y_error (m),2,-1.18624378
GEO,2025-09-05,y_error (m),3,-5.172952306
GEO,2025-09-05,y_error (m),4,-1.23584259
GEO,2025-09-05,y_error (m),5,-1.178363517
GEO,2025-09-05,y_error (m),6,-0.11390106099999997
GEO,2025-09-05,y_error (m),7,-3.126939349
GEO,2025-09-05,y_error (m),8,-1.532811895
GEO,2025-09-05,y_error (m),9,1.9690389400000001
GEO,2025-09-05,y_error (m),10,1.73272128
GEO,2025-09-05,y_error (m),11,-1.985699758
GEO,2025-09-05,z_error (m),0,-0.12514128099999988
GEO,2025-09-05,z_error (m),1,-0.25681112799999983
GEO,2025-09-05,z_error (m),2,-2.972974226
GEO,2025-09-05,z_error (m),3,-2.4740485509999997
GEO,2025-09-05,z_error (m),4,-2.9008749369999998
GEO,2025-09-05,z_error (m),5,-2.9184549239999997
GEO,2025-09-05,z_error (m),6,0.6351436990000003
GEO,2025-09-05,z_error (m),7,-1.3585292159999998
GEO,2025-09-05,z_error (m),8,-4.261776074
GEO,2025-09-05,z_error (m),9,-7.6059523989999995
GEO,2025-09-05,z_error (m),10,-5.878352574999999
GEO,2025-09-05,z_error (m),11,-2.6603909839999997
GEO,2025-09-05,satclockerror (m),0,1.400493598
GEO,2025-09-05,satclockerror (m),1,2.766989982
GEO,2025-09-05,satclockerror (m),2,3.951582556
GEO,2025-09-05,satclockerror (m),3,4.293872603
GEO,2025-09-05,satclockerror (m),4,-1.4973615789999997
GEO,2025-09-05,satclockerror (m),5,0.17785933999999992
GEO,2025-09-05,satclockerror (m),6,4.133702217
GEO,2025-09-05,satclockerror (m),7,5.076917163
GEO,2025-09-05,satclockerror (m),8,6.367330119
GEO,2025-09-05,satclockerror (m),9,5.5928062
GEO,2025-09-05,satclockerror (m),10,-1.1168139360000002
GEO,2025-09-05,satclockerror (m),11,6.142476631
GEO,2025-09-06,x_error (m),0,0.19536998900000002
GEO,2025-09-06,x_error (m),1,-0.5541625209999999
GEO,2025-09-06,x_error (m),2,5.824710518
GEO,2025-09-06,x_error (m),3,1.810925406
GEO,2025-09-06,x_error (m),4,0.842199154
GEO,2025-09-06,x_error (m),5,1.0372777020000001
GEO,2025-09-06,x_error (m),6,-3.9553787300000005
GEO,2025-09-06,x_error (m),7,4.896597814
GEO,2025-09-06,x_error (m),8,3.874671307
GEO,2025-09-06,x_error (m),9,2.214448333
GEO,2025-09-06,x_error (m),10,2.481420558
GEO,2025-09-06,y_error (m),0,0.9708862970000001
GEO,2025-09-06,y_error (m),1,0.399977982
GEO,2025-09-06,y_error (m),2,5.6092060429999995
GEO,2025-09-06,y_error (m),3,1.667019996
GEO,2025-09-06,y_error (m),4,0.6878666720000001
GEO,2025-09-06,y_error (m),5,0.74215674
GEO,2025-09-06,y_error (m),6,-14.088546015
GEO,2025-09-06,y_error (m),7,16.105435275
GEO,2025-09-06,y_error (m),8,3.677179757
GEO,2025-09-06,y_error (m),9,2.15876932
GEO,2025-09-06,y_error (m),10,2.242696557
GEO,2025-09-06,z_error (m),0,7.880508279000001
GEO,2025-09-06,z_error (m),1,4.6163509529999995
GEO,2025-09-06,z_error (m),2,-1.7776526449999999
GEO,2025-09-06,z_error (m),3,-1.0033291009999998
GEO,2025-09-06,z_error (m),4,-0.24402561499999997
GEO,2025-09-06,z_error (m),5,-0.23081960899999998
GEO,2025-09-06,z_error (m),6,-5.107196051
GEO,2025-09-06,z_error (m),7,12.449523909
GEO,2025-09-06,z_error (m),8,-0.30094999499999997
GEO,2025-09-06,z_error (m),9,-4.431993474
GEO,2025-09-06,z_error (m),10,-5.56017293
GEO,2025-09-06,satclockerror (m),0,-2.334972022
GEO,2025-09-06,satclockerror (m),1,-4.014453261
GEO,2025-09-06,satclockerror (m),2,-2.75803761
GEO,2025-09-06,satclockerror (m),3,-2.792034824
GEO,2025-09-06,satclockerror (m),4,-6.493503231
GEO,2025-09-06,satclockerror (m),5,-6.74340153
GEO,2025-09-06,satclockerror (m),6,-7.948562744
GEO,2025-09-06,satclockerror (m),7,4.1630074399999994
GEO,2025-09-06,satclockerror (m),8,-0.9344784240000004
GEO,2025-09-06,satclockerror (m),9,0.14407794699999998
GEO,2025-09-06,satclockerror (m),10,-3.4943038730000002
GEO,2025-09-07,x_error (m),0,-6.283347014
GEO,2025-09-07,x_error (m),1,-1.245046057
GEO,2025-09-07,x_error (m),2,6.747543177999999
GEO,2025-09-07,x_error (m),3,-1.451371193
GEO,2025-09-07,x_error (m),4,-1.747016363
GEO,2025-09-07,x_error (m),5,-3.309038255
GEO,2025-09-07,x_error (m),6,11.392454545
GEO,2025-09-07,x_error (m),7,-1.642954968
GEO,2025-09-07,x_error (m),8,-0.1335325169999999
GEO,2025-09-07,x_error (m),9,-0.6397345959999999
GEO,2025-09-07,x_error (m),10,-20.533441335
GEO,2025-09-07,x_error (m),11,8.177376613
GEO,2025-09-07,x_error (m),12,-8.076878119
GEO,2025-09-07,x_error (m),13,-2.611180637
GEO,2025-09-07,x_error (m),14,-0.13440010699999982
GEO,2025-09-07,x_error (m),15,-3.416040018
GEO,2025-09-07,x_error (m),16,-2.132791333
GEO,2025-09-07,x_error (m),17,0.7715595920000002
GEO,2025-09-07,x_error (m),18,6.822575733000001
GEO,2025-09-07,x_error (m),19,-1.829171229
GEO,2025-09-07,x_error (m),20,-5.556218293
GEO,2025-09-07,x_error (m),21,-3.211275399
GEO,2025-09-07,x_error (m),22,-3.345178608
GEO,2025-09-07,x_error (m),23,0.10676368000000003
GEO,2025-09-07,x_error (m),24,-3.309748348
GEO,2025-09-07,x_error (m),25,3.606118541
GEO,2025-09-07,x_error (m),26,-1.432085026
GEO,2025-09-07,x_error (m),27,0.04608556600000013
GEO,2025-09-07,x_error (m),28,6.280089099
GEO,2025-09-07,x_error (m),29,4.982324082
GEO,2025-09-07,x_error (m),30,-8.349646736
GEO,2025-09-07,x_error (m),31,-8.326488572999999
GEO,2025-09-07,x_error (m),32,0.7153380100000002
GEO,2025-09-07,x_error (m),33,1.7421949990000003
GEO,2025-09-07,x_error (m),34,-1.700416837
GEO,2025-09-07,x_error (m),35,-2.177812099
GEO,2025-09-07,x_error (m),36,-1.215342116
GEO,2025-09-07,x_error (m),37,-1.5259837139999999
GEO,2025-09-07,x_error (m),38,1.3963730890000001
GEO,2025-09-07,x_error (m),39,2.615461644
GEO,2025-09-07,x_error (m),40,1.919561412
GEO,2025-09-07,x_error (m),41,-11.989157545
GEO,2025-09-07,x_error (m),42,17.500640815
GEO,2025-09-07,x_error (m),43,-14.210150665
GEO,2025-09-07,x_error (m),44,17.270216915000002
GEO,2025-09-07,x_error (m),45,-21.283397894999997
GEO,2025-09-07,x_error (m),46,21.995490045
GEO,2025-09-07,x_error (m),47,-2.463824924
GEO,2025-09-07,x_error (m),48,-2.636237632
GEO,2025-09-07,x_error (m),49,0.1280562730000001
GEO,2025-09-07,x_error (m),50,-3.0548389
GEO,2025-09-07,x_error (m),51,-1.338336375
GEO,2025-09-07,x_error (m),52,1.0117239770000002
GEO,2025-09-07,y_error (m),0,-5.259150475
GEO,2025-09-07,y_error (m),1,-1.256210607
GEO,2025-09-07,y_error (m),2,4.159282654
GEO,2025-09-07,y_error (m),3,-1.321801286
GEO,2025-09-07,y_error (m),4,-1.35514509
GEO,2025-09-07,y_error (m),5,-12.246848972
GEO,2025-09-07,y_error (m),6,18.687183718
GEO,2025-09-07,y_error (m),7,-3.9819269669999997
GEO,2025-09-07,y_error (m),8,0.936164349
GEO,2025-09-07,y_error (m),9,0.5101917309999999
GEO,2025-09-07,y_error (m),10,-28.129223742
GEO,2025-09-07,y_error (m),11,22.346079908
GEO,2025-09-07,y_error (m),12,-16.481466442
GEO,2025-09-07,y_error (m),13,-2.800071657
GEO,2025-09-07,y_error (m),14,-0.44474977299999996
GEO,2025-09-07,y_error (m),15,-3.8492522879999997
GEO,2025-09-07,y_error (m),16,-2.620261505
GEO,2025-09-07,y_error (m),17,0.45928291600000004
GEO,2025-09-07,y_error (m),18,2.114915389
GEO,2025-09-07,y_error (m),19,-1.461179026
GEO,2025-09-07,y_error (m),20,-1.11620047
GEO,2025-09-07,y_error (m),21,-3.160226688
GEO,2025-09-07,y_error (m),22,-3.448916134
GEO,2025-09-07,y_error (m),23,-0.71851141
GEO,2025-09-07,y_error (m),24,-2.72551506
GEO,2025-09-07,y_error (m),25,2.4758691080000004
GEO,2025-09-07,y_error (m),26,-0.878551036
GEO,2025-09-07,y_error (m),27,-0.03719665500000002
GEO,2025-09-07,y_error (m),28,0.6725183240000001
GEO,2025-09-07,y_error (m),29,38.908158008
GEO,2025-09-07,y_error (m),30,-42.482734541999996
GEO,2025-09-07,y_error (m),31,-1.812503763
GEO,2025-09-07,y_error (m),32,-0.30723243600000005
GEO,2025-09-07,y_error (m),33,-4.561470032
GEO,2025-09-07,y_error (m),34,3.7111354390000004
GEO,2025-09-07,y_error (m),35,-1.810854547
GEO,2025-09-07,y_error (m),36,-1.767238941
GEO,2025-09-07,y_error (m),37,-1.414374572
GEO,2025-09-07,y_error (m),38,1.695534717
GEO,2025-09-07,y_error (m),39,2.9924927610000003
GEO,2025-09-07,y_error (m),40,2.9351344260000003
GEO,2025-09-07,y_error (m),41,-19.822131042000002
GEO,2025-09-07,y_error (m),42,26.842019898
GEO,2025-09-07,y_error (m),43,-21.426146002
GEO,2025-09-07,y_error (m),44,26.530087788
GEO,2025-09-07,y_error (m),45,-31.344588702
GEO,2025-09-07,y_error (m),46,31.577421667999996
GEO,2025-09-07,y_error (m),47,-1.636856493
GEO,2025-09-07,y_error (m),48,-2.085096717
GEO,2025-09-07,y_error (m),49,-0.2901037369999999
GEO,2025-09-07,y_error (m),50,-2.3124325199999998
GEO,2025-09-07,y_error (m),51,-1.394264762
GEO,2025-09-07,y_error (m),52,1.02845142
GEO,2025-09-07,z_error (m),0,7.696574256
GEO,2025-09-07,z_error (m),1,5.217632765
GEO,2025-09-07,z_error (m),2,-2.4253669909999998
GEO,2025-09-07,z_error (m),3,5.3399202500000005
GEO,2025-09-07,z_error (m),4,5.348600391
GEO,2025-09-07,z_error (m),5,19.138943728999998
GEO,2025-09-07,z_error (m),6,7.837409794
GEO,2025-09-07,z_error (m),7,6.56306663
GEO,2025-09-07,z_error (m),8,6.417271335000001
GEO,2025-09-07,z_error (m),9,5.2931932690000005
GEO,2025-09-07,z_error (m),10,-14.683036200999998
GEO,2025-09-07,z_error (m),11,20.491162649
GEO,2025-09-07,z_error (m),12,2.875280806
GEO,2025-09-07,z_error (m),13,4.247452427000001
GEO,2025-09-07,z_error (m),14,6.822057683000001
GEO,2025-09-07,z_error (m),15,2.104056832
GEO,2025-09-07,z_error (m),16,3.4417584740000002
GEO,2025-09-07,z_error (m),17,7.5868770770000005
GEO,2025-09-07,z_error (m),18,1.3463341350000002
GEO,2025-09-07,z_error (m),19,5.502274446
GEO,2025-09-07,z_error (m),20,0.3087934040000002
GEO,2025-09-07,z_error (m),21,4.696416682000001
GEO,2025-09-07,z_error (m),22,6.100938325
GEO,2025-09-07,z_error (m),23,3.8375397390000003
GEO,2025-09-07,z_error (m),24,4.648792637
GEO,2025-09-07,z_error (m),25,8.640083848
GEO,2025-09-07,z_error (m),26,11.227548876
GEO,2025-09-07,z_error (m),27,7.759452125
GEO,2025-09-07,z_error (m),28,8.47951952
GEO,2025-09-07,z_error (m),29,44.537587859
GEO,2025-09-07,z_error (m),30,-26.244023931
GEO,2025-09-07,z_error (m),31,-3.557891315999999
GEO,2025-09-07,z_error (m),32,5.613093518
GEO,2025-09-07,z_error (m),33,6.5000455420000005
GEO,2025-09-07,z_error (m),34,12.421642769
GEO,2025-09-07,z_error (m),35,6.864802132
GEO,2025-09-07,z_error (m),36,1.0070615859999998
GEO,2025-09-07,z_error (m),37,6.394701142000001
GEO,2025-09-07,z_error (m),38,7.8006983860000005
GEO,2025-09-07,z_error (m),39,8.26142155
GEO,2025-09-07,z_error (m),40,1.0626656089999997
GEO,2025-09-07,z_error (m),41,-2.57280801
GEO,2025-09-07,z_error (m),42,27.094316278999997
GEO,2025-09-07,z_error (m),43,-2.304717569
GEO,2025-09-07,z_error (m),44,21.794976049
GEO,2025-09-07,z_error (m),45,-13.575083711
GEO,2025-09-07,z_error (m),46,21.131036029
GEO,2025-09-07,z_error (m),47,7.559192971
GEO,2025-09-07,z_error (m),48,10.366610728000001
GEO,2025-09-07,z_error (m),49,5.393204557
GEO,2025-09-07,z_error (m),50,5.953208254
GEO,2025-09-07,z_error (m),51,5.525425353
GEO,2025-09-07,z_error (m),52,5.830582801
GEO,2025-09-07,satclockerror (m),0,1.226894638
GEO,2025-09-07,satclockerror (m),1,1.083032542
GEO,2025-09-07,satclockerror (m),2,-0.177859341
GEO,2025-09-07,satclockerror (m),3,-3.037456953
GEO,2025-09-07,satclockerror (m),4,-3.739726032
GEO,2025-09-07,satclockerror (m),5,-2.664481048
GEO,2025-09-07,satclockerror (m),6,3.717873559
GEO,2025-09-07,satclockerror (m),7,0.024438871
GEO,2025-09-07,satclockerror (m),8,0.486873654
GEO,2025-09-07,satclockerror (m),9,0.40452612200000004
GEO,2025-09-07,satclockerror (m),10,-5.019767907
GEO,2025-09-07,satclockerror (m),11,9.824385439
GEO,2025-09-07,satclockerror (m),12,-4.989231437000001
GEO,2025-09-07,satclockerror (m),13,0.213674586
GEO,2025-09-07,satclockerror (m),14,0.269843761
GEO,2025-09-07,satclockerror (m),15,0.161301473
GEO,2025-09-07,satclockerror (m),16,0.052786526
GEO,2025-09-07,satclockerror (m),17,0.471053037
GEO,2025-09-07,satclockerror (m),18,-3.576858772
GEO,2025-09-07,satclockerror (m),19,0.192388302
GEO,2025-09-07,satclockerror (m),20,3.651345026
GEO,2025-09-07,satclockerror (m),21,0.32382565
GEO,2025-09-07,satclockerror (m),22,0.161301473
GEO,2025-09-07,satclockerror (m),23,0.05278655600000001
GEO,2025-09-07,satclockerror (m),24,0.611193479
GEO,2025-09-07,satclockerror (m),25,-0.06552887599999999
GEO,2025-09-07,satclockerror (m),26,0.611193479
GEO,2025-09-07,satclockerror (m),27,-0.009359700999999998
GEO,2025-09-07,satclockerror (m),28,-3.840780373
GEO,2025-09-07,satclockerror (m),29,23.503186918
GEO,2025-09-07,satclockerror (m),30,-23.256345132
GEO,2025-09-07,satclockerror (m),31,4.655309345999999
GEO,2025-09-07,satclockerror (m),32,0.347271908
GEO,2025-09-07,satclockerror (m),33,-4.312482461
GEO,2025-09-07,satclockerror (m),34,4.597497757999999
GEO,2025-09-07,satclockerror (m),35,0.440504964
GEO,2025-09-07,satclockerror (m),36,-0.009359730999999982
GEO,2025-09-07,satclockerror (m),37,0.412151733
GEO,2025-09-07,satclockerror (m),38,0.300903219
GEO,2025-09-07,satclockerror (m),39,0.269843761
GEO,2025-09-07,satclockerror (m),40,0.5179604529999999
GEO,2025-09-07,satclockerror (m),41,-5.039941811
GEO,2025-09-07,satclockerror (m),42,5.077926205
GEO,2025-09-07,satclockerror (m),43,-4.523534522
GEO,2025-09-07,satclockerror (m),44,4.8297822009999996
GEO,2025-09-07,satclockerror (m),45,-5.6572500980000004
GEO,2025-09-07,satclockerror (m),46,5.574709948
GEO,2025-09-07,satclockerror (m),47,0.347271908
GEO,2025-09-07,satclockerror (m),48,0.28509831
GEO,2025-09-07,satclockerror (m),49,0.206023073
GEO,2025-09-07,satclockerror (m),50,0.672816718
GEO,2025-09-07,satclockerror (m),51,0.191865254
GEO,2025-09-07,satclockerror (m),52,0.222924712
MEO,2025-09-02,x_error (m),0,0.502243722
MEO,2025-09-02,x_error (m),1,0.425065318
MEO,2025-09-02,x_error (m),2,0.13555670900000005
MEO,2025-09-02,x_error (m),3,0.061708601000000085
MEO,2025-09-02,x_error (m),4,-0.05275769699999999
MEO,2025-09-02,x_error (m),5,-0.22073502499999997
MEO,2025-09-02,x_error (m),6,-0.001630660000000006
MEO,2025-09-02,y_error (m),0,1.189783948
MEO,2025-09-02,y_error (m),1,0.891818302
MEO,2025-09-02,y_error (m),2,0.6600941220000001
MEO,2025-09-02,y_error (m),3,0.5478351020000001
MEO,2025-09-02,y_error (m),4,0.534731668
MEO,2025-09-02,y_error (m),5,0.38418303400000003
MEO,2025-09-02,y_error (m),6,0.33013603300000005
MEO,2025-09-02,z_error (m),0,0.891073668
MEO,2025-09-02,z_error (m),1,0.936334892
MEO,2025-09-02,z_error (m),2,0.89280615
MEO,2025-09-02,z_error (m),3,0.647402573
MEO,2025-09-02,z_error (m),4,0.371198162
MEO,2025-09-02,z_error (m),5,-0.141365118
MEO,2025-09-02,z_error (m),6,-0.458352694
MEO,2025-09-02,satclockerror (m),0,0.025659447000000002
MEO,2025-09-02,satclockerror (m),1,-0.241996039
MEO,2025-09-02,satclockerror (m),2,-0.253773686
MEO,2025-09-02,satclockerror (m),3,0.5362953109999999
MEO,2025-09-02,satclockerror (m),4,0.164532487
MEO,2025-09-02,satclockerror (m),5,0.068829561
MEO,2025-09-02,satclockerror (m),6,-0.040620469
MEO,2025-09-03,x_error (m),0,0.8053930530000001
MEO,2025-09-03,x_error (m),1,0.5080674380000001
MEO,2025-09-03,x_error (m),2,0.2151383480000001
MEO,2025-09-03,x_error (m),3,0.13776526200000005
MEO,2025-09-03,x_error (m),4,0.00775848400000001
MEO,2025-09-03,y_error (m),0,0.944997318
MEO,2025-09-03,y_error (m),1,0.71510713
MEO,2025-09-03,y_error (m),2,0.578350943
MEO,2025-09-03,y_error (m),3,0.5728345939999999
MEO,2025-09-03,y_error (m),4,0.599380959
MEO,2025-09-03,z_error (m),0,1.413161121
MEO,2025-09-03,z_error (m),1,1.429360672
MEO,2025-09-03,z_error (m),2,1.271005286
MEO,2025-09-03,z_error (m),3,1.0690125799999999
MEO,2025-09-03,z_error (m),4,0.75362979
MEO,2025-09-03,satclockerror (m),0,-0.251965727
MEO,2025-09-03,satclockerror (m),1,-0.010806318999999995
MEO,2025-09-03,satclockerror (m),2,0.138899842
MEO,2025-09-03,satclockerror (m),3,0.335891068
MEO,2025-09-03,satclockerror (m),4,0.274953844
MEO,2025-09-05,x_error (m),0,-0.06397730899999998
MEO,2025-09-05,x_error (m),1,-0.203055427
MEO,2025-09-05,x_error (m),2,-0.06892693799999994
MEO,2025-09-05,x_error (m),3,-0.23924181700000002
MEO,2025-09-05,x_error (m),4,-0.12632542599999996
MEO,2025-09-05,x_error (m),5,-0.18467395499999995
MEO,2025-09-05,y_error (m),0,-0.0049785300000000365
MEO,2025-09-05,y_error (m),1,0.10060760499999999
MEO,2025-09-05,y_error (m),2,-0.010690050999999978
MEO,2025-09-05,y_error (m),3,-0.168897762
MEO,2025-09-05,y_error (m),4,-0.5652260880000001
MEO,2025-09-05,y_error (m),5,-0.833102464
MEO,2025-09-05,z_error (m),0,-0.23631721700000002
MEO,2025-09-05,z_error (m),1,-0.597942352
MEO,2025-09-05,z_error (m),2,-1.179160584
MEO,2025-09-05,z_error (m),3,-1.370122075
MEO,2025-09-05,z_error (m),4,-1.4424756300000001
MEO,2025-09-05,z_error (m),5,-1.336569611
MEO,2025-09-05,satclockerror (m),0,0.30644122500000004
MEO,2025-09-05,satclockerror (m),1,0.10493095799999999
MEO,2025-09-05,satclockerror (m),2,0.094826543
MEO,2025-09-05,satclockerror (m),3,-0.050130904999999996
MEO,2025-09-05,satclockerror (m),4,-0.252842171
MEO,2025-09-05,satclockerror (m),5,-0.041362155
MEO,2025-09-06,x_error (m),0,0.653327954
MEO,2025-09-06,x_error (m),1,0.45483986199999993
MEO,2025-09-06,x_error (m),2,0.21219451599999994
MEO,2025-09-06,x_error (m),3,0.28088725699999995
MEO,2025-09-06,x_error (m),4,0.022525275999999983
MEO,2025-09-06,x_error (m),5,-0.055035914000000075
MEO,2025-09-06,x_error (m),6,0.644834218
MEO,2025-09-06,y_error (m),0,0.9871423939999999
MEO,2025-09-06,y_error (m),1,1.136484896
MEO,2025-09-06,y_error (m),2,1.0943778180000001
MEO,2025-09-06,y_error (m),3,0.829015997
MEO,2025-09-06,y_error (m),4,0.46602374700000004
MEO,2025-09-06,y_error (m),5,0.25528518899999997
MEO,2025-09-06,y_error (m),6,-0.616779537
MEO,2025-09-06,z_error (m),0,0.9298008120000001
MEO,2025-09-06,z_error (m),1,0.593860496
MEO,2025-09-06,z_error (m),2,0.11872085600000004
MEO,2025-09-06,z_error (m),3,-0.06060575499999998
MEO,2025-09-06,z_error (m),4,-0.08733852199999992
MEO,2025-09-06,z_error (m),5,0.028252011000000077
MEO,2025-09-06,z_error (m),6,1.218663741
MEO,2025-09-06,satclockerror (m),0,0.064350241
MEO,2025-09-06,satclockerror (m),1,0.12368237600000001
MEO,2025-09-06,satclockerror (m),2,0.45541867999999996
MEO,2025-09-06,satclockerror (m),3,0.221679284
MEO,2025-09-06,satclockerror (m),4,-0.021787148
MEO,2025-09-06,satclockerror (m),5,-0.145092145
MEO,2025-09-06,satclockerror (m),6,0.8214614339999999
MEO,2025-09-07,x_error (m),0,0.046996764999999996
MEO,2025-09-07,x_error (m),1,-0.112917803
MEO,2025-09-07,x_error (m),2,-0.495011468
MEO,2025-09-07,x_error (m),3,-0.6734771509999999
MEO,2025-09-07,x_error (m),4,-2.277507869
MEO,2025-09-07,x_error (m),5,-0.941743328
MEO,2025-09-07,x_error (m),6,-0.767406661
MEO,2025-09-07,x_error (m),7,-0.501518287
MEO,2025-09-07,x_error (m),8,-0.464635452
MEO,2025-09-07,x_error (m),9,-0.369963791
MEO,2025-09-07,y_error (m),0,1.664623234
MEO,2025-09-07,y_error (m),1,1.534057214
MEO,2025-09-07,y_error (m),2,1.229878995
MEO,2025-09-07,y_error (m),3,1.154839875
MEO,2025-09-07,y_error (m),4,1.755673974
MEO,2025-09-07,y_error (m),5,1.028040705
MEO,2025-09-07,y_error (m),6,0.862960616
MEO,2025-09-07,y_error (m),7,0.609141914
MEO,2025-09-07,y_error (m),8,0.31366050799999995
MEO,2025-09-07,y_error (m),9,0.021794529000000007
MEO,2025-09-07,z_error (m),0,-1.117635025
MEO,2025-09-07,z_error (m),1,-1.2882916309999999
MEO,2025-09-07,z_error (m),2,-1.244603242
MEO,2025-09-07,z_error (m),3,-1.115334287
MEO,2025-09-07,z_error (m),4,-0.418475453
MEO,2025-09-07,z_error (m),5,0.10813784600000004
MEO,2025-09-07,z_error (m),6,0.31123896300000004
MEO,2025-09-07,z_error (m),7,0.34253238599999997
MEO,2025-09-07,z_error (m),8,0.269581044
MEO,2025-09-07,z_error (m),9,-0.034626785999999965
MEO,2025-09-07,satclockerror (m),0,-0.6710533999999999
MEO,2025-09-07,satclockerror (m),1,-1.4968594259999999
MEO,2025-09-07,satclockerror (m),2,-0.7133340899999999
MEO,2025-09-07,satclockerror (m),3,-0.8052596609999999
MEO,2025-09-07,satclockerror (m),4,-0.7088177459999999
MEO,2025-09-07,satclockerror (m),5,0.7887203200000001
MEO,2025-09-07,satclockerror (m),6,-0.830000573
MEO,2025-09-07,satclockerror (m),7,-1.518039554
MEO,2025-09-07,satclockerror (m),8,-0.554534654
MEO,2025-09-07,satclockerror (m),9,-0.521711607
MEO2,2025-09-04,x_error (m),0,-0.36352138600000006
MEO2,2025-09-04,x_error (m),1,0.031039085999999994
MEO2,2025-09-04,x_error (m),2,-0.035369455999999994
MEO2,2025-09-04,x_error (m),3,-0.019584483999999985
MEO2,2025-09-04,x_error (m),4,-0.524428444
MEO2,2025-09-04,x_error (m),5,0.057023451
MEO2,2025-09-04,x_error (m),6,-0.38525817900000003
MEO2,2025-09-04,x_error (m),7,-0.011511516999999999
MEO2,2025-09-04,x_error (m),8,0.062907972
MEO2,2025-09-04,x_error (m),9,-0.306154916
MEO2,2025-09-04,x_error (m),10,0.03810000800000002
MEO2,2025-09-04,x_error (m),11,-0.015119868000000009
MEO2,2025-09-04,x_error (m),12,0.058471281
MEO2,2025-09-04,x_error (m),13,-0.334624308
MEO2,2025-09-04,x_error (m),14,0.04711322700000001
MEO2,2025-09-04,x_error (m),15,0.02677431900000002
MEO2,2025-09-04,x_error (m),16,-0.068612635
MEO2,2025-09-04,y_error (m),0,0.492355661
MEO2,2025-09-04,y_error (m),1,0.21538023900000003
MEO2,2025-09-04,y_error (m),2,0.189311825
MEO2,2025-09-04,y_error (m),3,0.26850448
MEO2,2025-09-04,y_error (m),4,0.65848876
MEO2,2025-09-04,y_error (m),5,0.097244853
MEO2,2025-09-04,y_error (m),6,0.616634101
MEO2,2025-09-04,y_error (m),7,0.194518768
MEO2,2025-09-04,y_error (m),8,0.112886183
MEO2,2025-09-04,y_error (m),9,0.19935412400000002
MEO2,2025-09-04,y_error (m),10,0.12010390300000001
MEO2,2025-09-04,y_error (m),11,0.10207019
MEO2,2025-09-04,y_error (m),12,0.115810477
MEO2,2025-09-04,y_error (m),13,-0.146844543
MEO2,2025-09-04,y_error (m),14,0.007618744000000011
MEO2,2025-09-04,y_error (m),15,-0.0037764349999999947
MEO2,2025-09-04,y_error (m),16,-0.039949134
MEO2,2025-09-04,z_error (m),0,0.562104419
MEO2,2025-09-04,z_error (m),1,0.19043200500000002
MEO2,2025-09-04,z_error (m),2,0.22127207
MEO2,2025-09-04,z_error (m),3,0.179763116
MEO2,2025-09-04,z_error (m),4,0.12194561599999999
MEO2,2025-09-04,z_error (m),5,0.13401607399999999
MEO2,2025-09-04,z_error (m),6,-0.312533401
MEO2,2025-09-04,z_error (m),7,-0.06719188400000001
MEO2,2025-09-04,z_error (m),8,0.010933809000000003
MEO2,2025-09-04,z_error (m),9,-0.42564184400000005
MEO2,2025-09-04,z_error (m),10,-0.06145304400000001
MEO2,2025-09-04,z_error (m),11,-0.11973304500000001
MEO2,2025-09-04,z_error (m),12,-0.037280376000000004
MEO2,2025-09-04,z_error (m),13,-0.600666389
MEO2,2025-09-04,z_error (m),14,-0.009239970000000014
MEO2,2025-09-04,z_error (m),15,-0.05042200299999999
MEO2,2025-09-04,z_error (m),16,-0.04533431099999999
MEO2,2025-09-04,satclockerror (m),0,0.08015212199999999
MEO2,2025-09-04,satclockerror (m),1,0.037454661
MEO2,2025-09-04,satclockerror (m),2,0.020004460999999998
MEO2,2025-09-04,satclockerror (m),3,0.037454661
MEO2,2025-09-04,satclockerror (m),4,0.08015212199999999
MEO2,2025-09-04,satclockerror (m),5,-0.012341735999999999
MEO2,2025-09-04,satclockerror (m),6,0.054220584
MEO2,2025-09-04,satclockerror (m),7,0.025130881999999997
MEO2,2025-09-04,satclockerror (m),8,-0.009769516999999998
MEO2,2025-09-04,satclockerror (m),9,-0.030815757000000006
MEO2,2025-09-04,satclockerror (m),10,0.085144236
MEO2,2025-09-04,satclockerror (m),11,0.082590034
MEO2,2025-09-04,satclockerror (m),12,0.062585573
MEO2,2025-09-04,satclockerror (m),13,0.126236219
MEO2,2025-09-04,satclockerror (m),14,0.042581112
MEO2,2025-09-04,satclockerror (m),15,0.060031341
MEO2,2025-09-04,satclockerror (m),16,0.060031311
MEO2,2025-09-06,x_error (m),0,0.126846265
MEO2,2025-09-06,x_error (m),1,-0.000227194
MEO2,2025-09-06,x_error (m),2,0.005410492999999999
MEO2,2025-09-06,x_error (m),3,0.045696911
MEO2,2025-09-06,x_error (m),4,-0.0022447070000000003
MEO2,2025-09-06,x_error (m),5,0.021785463999999997
MEO2,2025-09-06,x_error (m),6,-0.181634523
MEO2,2025-09-06,x_error (m),7,-0.048609972
MEO2,2025-09-06,x_error (m),8,0.005607773
MEO2,2025-09-06,x_error (m),9,-0.125245269
MEO2,2025-09-06,x_error (m),10,-0.013521511
MEO2,2025-09-06,x_error (m),11,0.011853408
MEO2,2025-09-06,x_error (m),12,-0.103004325
MEO2,2025-09-06,x_error (m),13,-0.073490835
MEO2,2025-09-06,x_error (m),14,-0.174285594
MEO2,2025-09-06,x_error (m),15,-0.577538456
MEO2,2025-09-06,x_error (m),16,-0.104937455
MEO2,2025-09-06,x_error (m),17,-0.088177697
MEO2,2025-09-06,x_error (m),18,-0.106188194
MEO2,2025-09-06,x_error (m),19,-0.185377598
MEO2,2025-09-06,x_error (m),20,-0.096965898
MEO2,2025-09-06,x_error (m),21,-0.113528026
MEO2,2025-09-06,x_error (m),22,-0.907347889
MEO2,2025-09-06,x_error (m),23,-0.078889013
MEO2,2025-09-06,x_error (m),24,-0.252490288
MEO2,2025-09-06,x_error (m),25,-0.13391478099999998
MEO2,2025-09-06,x_error (m),26,-0.175786799
MEO2,2025-09-06,x_error (m),27,-0.177534748
MEO2,2025-09-06,x_error (m),28,-0.956416107
MEO2,2025-09-06,y_error (m),0,0.7672783980000001
MEO2,2025-09-06,y_error (m),1,0.035938342
MEO2,2025-09-06,y_error (m),2,-0.037005103
MEO2,2025-09-06,y_error (m),3,-0.042677502
MEO2,2025-09-06,y_error (m),4,-0.020632232
MEO2,2025-09-06,y_error (m),5,-0.012995313999999994
MEO2,2025-09-06,y_error (m),6,0.51505053
MEO2,2025-09-06,y_error (m),7,-0.050345180999999996
MEO2,2025-09-06,y_error (m),8,-0.081471934
MEO2,2025-09-06,y_error (m),9,-0.0018063269999999965
MEO2,2025-09-06,y_error (m),10,-0.10335707499999999
MEO2,2025-09-06,y_error (m),11,-0.051755062
MEO2,2025-09-06,y_error (m),12,0.013553829000000003
MEO2,2025-09-06,y_error (m),13,-0.046883577999999995
MEO2,2025-09-06,y_error (m),14,0.005073370000000008
MEO2,2025-09-06,y_error (m),15,-0.248501352
MEO2,2025-09-06,y_error (m),16,-0.088158871
MEO2,2025-09-06,y_error (m),17,-0.085729609
MEO2,2025-09-06,y_error (m),18,-0.128742321
MEO2,2025-09-06,y_error (m),19,-0.211775138
MEO2,2025-09-06,y_error (m),20,-0.16233089099999998
MEO2,2025-09-06,y_error (m),21,-0.200764368
MEO2,2025-09-06,y_error (m),22,-0.834494742
MEO2,2025-09-06,y_error (m),23,-0.156242921
MEO2,2025-09-06,y_error (m),24,-0.23533089299999999
MEO2,2025-09-06,y_error (m),25,-0.277019254
MEO2,2025-09-06,y_error (m),26,-0.240656451
MEO2,2025-09-06,y_error (m),27,-0.244789849
MEO2,2025-09-06,y_error (m),28,-1.0965715
MEO2,2025-09-06,z_error (m),0,-0.56790492
MEO2,2025-09-06,z_error (m),1,-0.05802285
MEO2,2025-09-06,z_error (m),2,-0.05814239
MEO2,2025-09-06,z_error (m),3,-0.030048453
MEO2,2025-09-06,z_error (m),4,-0.067215357
MEO2,2025-09-06,z_error (m),5,-0.09298395000000001
MEO2,2025-09-06,z_error (m),6,-0.836399015
MEO2,2025-09-06,z_error (m),7,-0.093763072
MEO2,2025-09-06,z_error (m),8,-0.048279216
MEO2,2025-09-06,z_error (m),9,-0.12374883
MEO2,2025-09-06,z_error (m),10,-0.057606446000000006
MEO2,2025-09-06,z_error (m),11,-0.045506631000000006
MEO2,2025-09-06,z_error (m),12,-0.118108189
MEO2,2025-09-06,z_error (m),13,-0.09686499700000001
MEO2,2025-09-06,z_error (m),14,-0.153300517
MEO2,2025-09-06,z_error (m),15,0.936159661
MEO2,2025-09-06,z_error (m),16,0.120865317
MEO2,2025-09-06,z_error (m),17,0.064057869
MEO2,2025-09-06,z_error (m),18,0.101286822
MEO2,2025-09-06,z_error (m),19,0.228754589
MEO2,2025-09-06,z_error (m),20,0.087150888
MEO2,2025-09-06,z_error (m),21,0.17800728
MEO2,2025-09-06,z_error (m),22,0.421499539
MEO2,2025-09-06,z_error (m),23,0.043779514000000005
MEO2,2025-09-06,z_error (m),24,0.026877675
MEO2,2025-09-06,z_error (m),25,0.098655484
MEO2,2025-09-06,z_error (m),26,-0.006969962999999999
MEO2,2025-09-06,z_error (m),27,0.023915156
MEO2,2025-09-06,z_error (m),28,-0.447367274
MEO2,2025-09-06,satclockerror (m),0,0.024071176
MEO2,2025-09-06,satclockerror (m),1,0.002554232
MEO2,2025-09-06,satclockerror (m),2,0.020004461
MEO2,2025-09-06,satclockerror (m),3,0.01745023
MEO2,2025-09-06,satclockerror (m),4,0.034900429000000004
MEO2,2025-09-06,satclockerror (m),5,0.01745023
MEO2,2025-09-06,satclockerror (m),6,0.18324796
MEO2,2025-09-06,satclockerror (m),7,-0.010234914
MEO2,2025-09-06,satclockerror (m),8,-0.010234914
MEO2,2025-09-06,satclockerror (m),9,-0.010234914
MEO2,2025-09-06,satclockerror (m),10,-0.010234914
MEO2,2025-09-06,satclockerror (m),11,0.007215315
MEO2,2025-09-06,satclockerror (m),12,0.024665545
MEO2,2025-09-06,satclockerror (m),13,0.0046610539999999995
MEO2,2025-09-06,satclockerror (m),14,0.019557081
MEO2,2025-09-06,satclockerror (m),15,-0.064128664
MEO2,2025-09-06,satclockerror (m),16,0.027219746
MEO2,2025-09-06,satclockerror (m),17,0.007215315
MEO2,2025-09-06,satclockerror (m),18,-0.010234914
MEO2,2025-09-06,satclockerror (m),19,-0.030239375
MEO2,2025-09-06,satclockerror (m),20,-0.027685114
MEO2,2025-09-06,satclockerror (m),21,-0.027685114
MEO2,2025-09-06,satclockerror (m),22,-0.02836945
MEO2,2025-09-06,satclockerror (m),23,0.009769547
MEO2,2025-09-06,satclockerror (m),24,0.027219776
MEO2,2025-09-06,satclockerror (m),25,-0.0076806819999999994
MEO2,2025-09-06,satclockerror (m),26,-0.0076806819999999994
MEO2,2025-09-06,satclockerror (m),27,-0.0076806819999999994
MEO2,2025-09-06,satclockerror (m),28,-0.080720078
MEO2,2025-09-07,x_error (m),0,0.906079314
MEO2,2025-09-07,x_error (m),1,0.860168185
MEO2,2025-09-07,x_error (m),2,0.874434087
MEO2,2025-09-07,x_error (m),3,0.900817748
MEO2,2025-09-07,x_error (m),4,0.854983136
MEO2,2025-09-07,x_error (m),5,0.81134554
MEO2,2025-09-07,x_error (m),6,0.788747157
MEO2,2025-09-07,x_error (m),7,0.8050175900000001
MEO2,2025-09-07,x_error (m),8,0.797818467
MEO2,2025-09-07,x_error (m),9,0.793433092
MEO2,2025-09-07,x_error (m),10,0.71224422
MEO2,2025-09-07,x_error (m),11,0.751302488
MEO2,2025-09-07,x_error (m),12,0.759642887
MEO2,2025-09-07,x_error (m),13,0.7765488620000001
MEO2,2025-09-07,x_error (m),14,0.5342679889999999
MEO2,2025-09-07,x_error (m),15,-0.07043838700000005
MEO2,2025-09-07,x_error (m),16,0.778639435
MEO2,2025-09-07,x_error (m),17,0.733604108
MEO2,2025-09-07,x_error (m),18,0.763311576
MEO2,2025-09-07,x_error (m),19,0.11386950100000004
MEO2,2025-09-07,x_error (m),20,0.69804202
MEO2,2025-09-07,x_error (m),21,0.834791719
MEO2,2025-09-07,x_error (m),22,0.377039279
MEO2,2025-09-07,x_error (m),23,0.735631972
MEO2,2025-09-07,x_error (m),24,0.799484932
MEO2,2025-09-07,x_error (m),25,0.8605089850000001
MEO2,2025-09-07,x_error (m),26,0.788038484
MEO2,2025-09-07,x_error (m),27,0.811363862
MEO2,2025-09-07,x_error (m),28,0.779043272
MEO2,2025-09-07,x_error (m),29,0.890059269
MEO2,2025-09-07,x_error (m),30,0.82812293
MEO2,2025-09-07,x_error (m),31,0.921612825
MEO2,2025-09-07,x_error (m),32,0.756035691
MEO2,2025-09-07,x_error (m),33,0.81839662
MEO2,2025-09-07,y_error (m),0,1.090164199
MEO2,2025-09-07,y_error (m),1,1.072481815
MEO2,2025-09-07,y_error (m),2,1.074749201
MEO2,2025-09-07,y_error (m),3,1.048863929
MEO2,2025-09-07,y_error (m),4,1.040411189
MEO2,2025-09-07,y_error (m),5,1.091052793
MEO2,2025-09-07,y_error (m),6,1.061740843
MEO2,2025-09-07,y_error (m),7,1.0916860099999999
MEO2,2025-09-07,y_error (m),8,1.1203219309999999
MEO2,2025-09-07,y_error (m),9,1.044230537
MEO2,2025-09-07,y_error (m),10,1.104777768
MEO2,2025-09-07,y_error (m),11,1.073241897
MEO2,2025-09-07,y_error (m),12,1.056209054
MEO2,2025-09-07,y_error (m),13,1.042339902
MEO2,2025-09-07,y_error (m),14,1.094311906
MEO2,2025-09-07,y_error (m),15,1.257779349
MEO2,2025-09-07,y_error (m),16,1.0705713
MEO2,2025-09-07,y_error (m),17,1.073417377
MEO2,2025-09-07,y_error (m),18,1.081021532
MEO2,2025-09-07,y_error (m),19,1.127975497
MEO2,2025-09-07,y_error (m),20,1.05041524
MEO2,2025-09-07,y_error (m),21,1.009833202
MEO2,2025-09-07,y_error (m),22,0.997912767
MEO2,2025-09-07,y_error (m),23,0.996020798
MEO2,2025-09-07,y_error (m),24,0.9826275849999999
MEO2,2025-09-07,y_error (m),25,0.960110888
MEO2,2025-09-07,y_error (m),26,0.979864269
MEO2,2025-09-07,y_error (m),27,0.9378319119999999
MEO2,2025-09-07,y_error (m),28,0.914094631
MEO2,2025-09-07,y_error (m),29,0.953732256
MEO2,2025-09-07,y_error (m),30,0.915124141
MEO2,2025-09-07,y_error (m),31,0.948447395
MEO2,2025-09-07,y_error (m),32,0.8611852259999999
MEO2,2025-09-07,y_error (m),33,0.849721357
MEO2,2025-09-07,z_error (m),0,0.590078493
MEO2,2025-09-07,z_error (m),1,0.560602171
MEO2,2025-09-07,z_error (m),2,0.560562255
MEO2,2025-09-07,z_error (m),3,0.594368573
MEO2,2025-09-07,z_error (m),4,0.62207466
MEO2,2025-09-07,z_error (m),5,0.68205092
MEO2,2025-09-07,z_error (m),6,0.617900633
MEO2,2025-09-07,z_error (m),7,0.589108207
MEO2,2025-09-07,z_error (m),8,0.599851147
MEO2,2025-09-07,z_error (m),9,0.608145176
MEO2,2025-09-07,z_error (m),10,0.640367285
MEO2,2025-09-07,z_error (m),11,0.574909458
MEO2,2025-09-07,z_error (m),12,0.592653208
MEO2,2025-09-07,z_error (m),13,0.588649478
MEO2,2025-09-07,z_error (m),14,0.6431613979999999
MEO2,2025-09-07,z_error (m),15,0.48734951099999996
MEO2,2025-09-07,z_error (m),16,0.482271158
MEO2,2025-09-07,z_error (m),17,0.426698637
MEO2,2025-09-07,z_error (m),18,0.438008219
MEO2,2025-09-07,z_error (m),19,0.008857484999999998
MEO2,2025-09-07,z_error (m),20,0.307735682
MEO2,2025-09-07,z_error (m),21,0.343737807
MEO2,2025-09-07,z_error (m),22,-0.08738153800000004
MEO2,2025-09-07,z_error (m),23,0.21670088399999998
MEO2,2025-09-07,z_error (m),24,0.23579999699999998
MEO2,2025-09-07,z_error (m),25,0.35845908099999996
MEO2,2025-09-07,z_error (m),26,0.21326898799999996
MEO2,2025-09-07,z_error (m),27,0.22796837799999997
MEO2,2025-09-07,z_error (m),28,0.21162374999999997
MEO2,2025-09-07,z_error (m),29,0.338198126
MEO2,2025-09-07,z_error (m),30,0.243991789
MEO2,2025-09-07,z_error (m),31,0.30596080699999995
MEO2,2025-09-07,z_error (m),32,0.274567586
MEO2,2025-09-07,z_error (m),33,0.29184352299999994
MEO2,2025-09-07,satclockerror (m),0,0.05303493399999999
MEO2,2025-09-07,satclockerror (m),1,0.05303496399999999
MEO2,2025-09-07,satclockerror (m),2,0.07303939599999999
MEO2,2025-09-07,satclockerror (m),3,0.09048962499999999
MEO2,2025-09-07,satclockerror (m),4,0.07303939599999999
MEO2,2025-09-07,satclockerror (m),5,0.07303939599999999
MEO2,2025-09-07,satclockerror (m),6,0.075611615
MEO2,2025-09-07,satclockerror (m),7,0.07303942499999999
MEO2,2025-09-07,satclockerror (m),8,0.07303939599999999
MEO2,2025-09-07,satclockerror (m),9,0.09048962499999999
MEO2,2025-09-07,satclockerror (m),10,0.09048959499999999
MEO2,2025-09-07,satclockerror (m),11,0.087935393
MEO2,2025-09-07,satclockerror (m),12,0.105385593
MEO2,2025-09-07,satclockerror (m),13,0.087935393
MEO2,2025-09-07,satclockerror (m),14,0.091366428
MEO2,2025-09-07,satclockerror (m),15,0.068942042
MEO2,2025-09-07,satclockerror (m),16,0.105385623
MEO2,2025-09-07,satclockerror (m),17,0.067930932
MEO2,2025-09-07,satclockerror (m),18,0.067930932
MEO2,2025-09-07,satclockerror (m),19,-0.04174451100000001
MEO2,2025-09-07,satclockerror (m),20,0.087935393
MEO2,2025-09-07,satclockerror (m),21,0.09048962499999999
MEO2,2025-09-07,satclockerror (m),22,0.065063627
MEO2,2025-09-07,satclockerror (m),23,0.127962273
MEO2,2025-09-07,satclockerror (m),24,0.127962273
MEO2,2025-09-07,satclockerror (m),25,0.09048962499999999
MEO2,2025-09-07,satclockerror (m),26,0.09048962499999999
MEO2,2025-09-07,satclockerror (m),27,0.10793982399999999
MEO2,2025-09-07,satclockerror (m),28,0.07303942499999999
MEO2,2025-09-07,satclockerror (m),29,0.105385593
MEO2,2025-09-07,satclockerror (m),30,0.087935393
MEO2,2025-09-07,satclockerror (m),31,0.105385593
MEO2,2025-09-07,satclockerror (m),32,0.085381161
MEO2,2025-09-07,satclockerror (m),33,0.067930932
MEO2,2025-09-08,x_error (m),0,-0.023950871000000012
MEO2,2025-09-08,x_error (m),1,0.15300449
MEO2,2025-09-08,x_error (m),2,0.085840682
MEO2,2025-09-08,x_error (m),3,0.132815439
MEO2,2025-09-08,x_error (m),4,0.128845725
MEO2,2025-09-08,x_error (m),5,0.05708458999999999
MEO2,2025-09-08,y_error (m),0,1.078814209
MEO2,2025-09-08,y_error (m),1,0.180674525
MEO2,2025-09-08,y_error (m),2,0.29434452600000005
MEO2,2025-09-08,y_error (m),3,0.333997466
MEO2,2025-09-08,y_error (m),4,0.216975125
MEO2,2025-09-08,y_error (m),5,0.316577494
MEO2,2025-09-08,z_error (m),0,-0.11212436099999998
MEO2,2025-09-08,z_error (m),1,0.18090166100000002
MEO2,2025-09-08,z_error (m),2,0.10782225000000001
MEO2,2025-09-08,z_error (m),3,0.05670284100000002
MEO2,2025-09-08,z_error (m),4,0.057834044000000015
MEO2,2025-09-08,z_error (m),5,0.069336373
MEO2,2025-09-08,satclockerror (m),0,-0.013365496999999999
MEO2,2025-09-08,satclockerror (m),1,0.027685144000000002
MEO2,2025-09-08,satclockerror (m),2,-0.007215315000000002
MEO2,2025-09-08,satclockerror (m),3,-0.007215285
MEO2,2025-09-08,satclockerror (m),4,-0.022111282999999995
MEO2,2025-09-08,satclockerror (m),5,0.012789146
MEO2,2025-09-09,x_error (m),0,-0.16554349999999998
MEO2,2025-09-09,x_error (m),1,0.005422127000000006
MEO2,2025-09-09,x_error (m),2,0.08193769000000001
MEO2,2025-09-09,x_error (m),3,0.05227975900000001
MEO2,2025-09-09,x_error (m),4,-0.0015849919999999934
MEO2,2025-09-09,x_error (m),5,0.008173514000000007
MEO2,2025-09-09,x_error (m),6,0.039919298000000006
MEO2,2025-09-09,x_error (m),7,-0.569322668
MEO2,2025-09-09,x_error (m),8,0.03722275400000001
MEO2,2025-09-09,x_error (m),9,0.022965044000000004
MEO2,2025-09-09,x_error (m),10,-0.60515823
MEO2,2025-09-09,x_error (m),11,0.03900502800000001
MEO2,2025-09-09,x_error (m),12,-0.0007256209999999957
MEO2,2025-09-09,x_error (m),13,0.006903567000000006
MEO2,2025-09-09,x_error (m),14,-0.0016922889999999996
MEO2,2025-09-09,x_error (m),15,-0.024894417999999988
MEO2,2025-09-09,x_error (m),16,0.051361274000000005
MEO2,2025-09-09,x_error (m),17,-0.05490229399999999
MEO2,2025-09-09,x_error (m),18,-0.007867858999999991
MEO2,2025-09-09,x_error (m),19,-0.001408648999999998
MEO2,2025-09-09,x_error (m),20,-0.003789752999999993
MEO2,2025-09-09,x_error (m),21,-0.07315739199999999
MEO2,2025-09-09,x_error (m),22,-0.005107990999999992
MEO2,2025-09-09,x_error (m),23,-0.0006939559999999956
MEO2,2025-09-09,x_error (m),24,-0.05001760799999999
MEO2,2025-09-09,x_error (m),25,0.029383157000000007
MEO2,2025-09-09,x_error (m),26,-0.017937755
MEO2,2025-09-09,x_error (m),27,-0.23255328599999997
MEO2,2025-09-09,x_error (m),28,0.04301358000000001
MEO2,2025-09-09,x_error (m),29,0.011789214000000006
MEO2,2025-09-09,x_error (m),30,0.0015949120000000039
MEO2,2025-09-09,x_error (m),31,-0.025594917999999994
MEO2,2025-09-09,x_error (m),32,0.028317366000000004
MEO2,2025-09-09,x_error (m),33,0.06198805600000001
MEO2,2025-09-09,y_error (m),0,0.530921135
MEO2,2025-09-09,y_error (m),1,-0.08556833500000001
MEO2,2025-09-09,y_error (m),2,-0.11643986
MEO2,2025-09-09,y_error (m),3,-0.107710365
MEO2,2025-09-09,y_error (m),4,-0.071790222
MEO2,2025-09-09,y_error (m),5,-0.112656288
MEO2,2025-09-09,y_error (m),6,-0.09850950900000001
MEO2,2025-09-09,y_error (m),7,-0.003442908999999994
MEO2,2025-09-09,y_error (m),8,-0.130705233
MEO2,2025-09-09,y_error (m),9,-0.161109403
MEO2,2025-09-09,y_error (m),10,-0.303879644
MEO2,2025-09-09,y_error (m),11,-0.185943149
MEO2,2025-09-09,y_error (m),12,-0.121790763
MEO2,2025-09-09,y_error (m),13,-0.148851193
MEO2,2025-09-09,y_error (m),14,-0.175082341
MEO2,2025-09-09,y_error (m),15,-0.18492814900000001
MEO2,2025-09-09,y_error (m),16,-0.135482121
MEO2,2025-09-09,y_error (m),17,-0.236693777
MEO2,2025-09-09,y_error (m),18,-0.230644669
MEO2,2025-09-09,y_error (m),19,-0.248135067
MEO2,2025-09-09,y_error (m),20,-0.27416460600000003
MEO2,2025-09-09,y_error (m),21,-0.276449386
MEO2,2025-09-09,y_error (m),22,-0.30931401599999997
MEO2,2025-09-09,y_error (m),23,-0.33794903
MEO2,2025-09-09,y_error (m),24,-0.34499374
MEO2,2025-09-09,y_error (m),25,-0.350067407
MEO2,2025-09-09,y_error (m),26,-0.325378563
MEO2,2025-09-09,y_error (m),27,-0.8673851340000001
MEO2,2025-09-09,y_error (m),28,-0.278934626
MEO2,2025-09-09,y_error (m),29,-0.246492836
MEO2,2025-09-09,y_error (m),30,-0.238440538
MEO2,2025-09-09,y_error (m),31,-0.251479562
MEO2,2025-09-09,y_error (m),32,-0.196381013
MEO2,2025-09-09,y_error (m),33,-0.26058348
MEO2,2025-09-09,z_error (m),0,-0.542963689
MEO2,2025-09-09,z_error (m),1,-0.013478496999999992
MEO2,2025-09-09,z_error (m),2,0.0009554300000000071
MEO2,2025-09-09,z_error (m),3,-0.004175735999999999
MEO2,2025-09-09,z_error (m),4,-0.040766725000000004
MEO2,2025-09-09,z_error (m),5,-0.023785898
MEO2,2025-09-09,z_error (m),6,-0.01789645999999999
MEO2,2025-09-09,z_error (m),7,-0.5928178040000001
MEO2,2025-09-09,z_error (m),8,0.06390200200000001
MEO2,2025-09-09,z_error (m),9,0.019770375000000007
MEO2,2025-09-09,z_error (m),10,0.884085264
MEO2,2025-09-09,z_error (m),11,0.107233532
MEO2,2025-09-09,z_error (m),12,0.151565207
MEO2,2025-09-09,z_error (m),13,0.112001974
MEO2,2025-09-09,z_error (m),14,0.17834603300000001
MEO2,2025-09-09,z_error (m),15,0.184894093
MEO2,2025-09-09,z_error (m),16,0.13437484900000002
MEO2,2025-09-09,z_error (m),17,0.26604389500000003
MEO2,2025-09-09,z_error (m),18,0.225235601
MEO2,2025-09-09,z_error (m),19,0.21932990000000002
MEO2,2025-09-09,z_error (m),20,0.259917163
MEO2,2025-09-09,z_error (m),21,0.262469361
MEO2,2025-09-09,z_error (m),22,0.225466384
MEO2,2025-09-09,z_error (m),23,0.255279129
MEO2,2025-09-09,z_error (m),24,0.22710482
MEO2,2025-09-09,z_error (m),25,0.25234829599999997
MEO2,2025-09-09,z_error (m),26,0.195416434
MEO2,2025-09-09,z_error (m),27,0.426754274
MEO2,2025-09-09,z_error (m),28,0.138838593
MEO2,2025-09-09,z_error (m),29,0.09365272200000001
MEO2,2025-09-09,z_error (m),30,0.105679251
MEO2,2025-09-09,z_error (m),31,0.08179253
MEO2,2025-09-09,z_error (m),32,0.116233695
MEO2,2025-09-09,z_error (m),33,0.147863399
MEO2,2025-09-09,satclockerror (m),0,0.126647654
MEO2,2025-09-09,satclockerror (m),1,0.0174502
MEO2,2025-09-09,satclockerror (m),2,0.032346227
MEO2,2025-09-09,satclockerror (m),3,0.014895998
MEO2,2025-09-09,satclockerror (m),4,0.014895967999999999
MEO2,2025-09-09,satclockerror (m),5,0.032346227
MEO2,2025-09-09,satclockerror (m),6,-0.002554231
MEO2,2025-09-09,satclockerror (m),7,0.08067148299999999
MEO2,2025-09-09,satclockerror (m),8,0.027219746
MEO2,2025-09-09,satclockerror (m),9,-0.0076806819999999994
MEO2,2025-09-09,satclockerror (m),10,-0.06798912200000001
MEO2,2025-09-09,satclockerror (m),11,-0.012789146
MEO2,2025-09-09,satclockerror (m),12,-0.010234884
MEO2,2025-09-09,satclockerror (m),13,-0.010234914
MEO2,2025-09-09,satclockerror (m),14,-0.027685144
MEO2,2025-09-09,satclockerror (m),15,-0.010234884
MEO2,2025-09-09,satclockerror (m),16,-0.010234914
MEO2,2025-09-09,satclockerror (m),17,-0.010234914
MEO2,2025-09-09,satclockerror (m),18,-0.010234914
MEO2,2025-09-09,satclockerror (m),19,-0.027685114
MEO2,2025-09-09,satclockerror (m),20,-0.010234914
MEO2,2025-09-09,satclockerror (m),21,0.007215315
MEO2,2025-09-09,satclockerror (m),22,0.007215285
MEO2,2025-09-09,satclockerror (m),23,0.007215315
MEO2,2025-09-09,satclockerror (m),24,-0.010234914
MEO2,2025-09-09,satclockerror (m),25,-0.010234884
MEO2,2025-09-09,satclockerror (m),26,0.024665515
MEO2,2025-09-09,satclockerror (m),27,0.041373278
MEO2,2025-09-09,satclockerror (m),28,-0.027685144
MEO2,2025-09-09,satclockerror (m),29,-0.025130882
MEO2,2025-09-09,satclockerror (m),30,-0.0076806819999999994
MEO2,2025-09-09,satclockerror (m),31,-0.0076806819999999994
MEO2,2025-09-09,satclockerror (m),32,-0.0076806819999999994
MEO2,2025-09-09,satclockerror (m),33,-0.022558663
