dataset,validation_day,row_index,x_residual,y_residual,z_residual,clock_residual,horizon_min
GEO,2025-09-02,0,-1.9222225622836304,-1.4072225729776613,1.5562287855563963,1.8673266692644654,120.0
GEO,2025-09-02,1,-50.349746141708984,-53.24764536680859,-37.85429977218555,-42.95012810655664,240.0
GEO,2025-09-02,2,-97.04790055746093,-103.88863829148437,-81.73158126369141,-83.69191238513281,360.0
GEO,2025-09-02,3,-143.77499791192187,-153.98805912996875,-123.1983696774414,-125.46592672638671,480.0
GEO,2025-09-02,4,-195.880976729375,-209.59352560726563,-163.5688191345547,-173.92317491853126,600.0
GEO,2025-09-02,5,-245.3582796451875,-262.3087408918594,-204.82993634429687,-213.25592967219532,720.0
GEO,2025-09-02,6,-293.9753925168437,-314.515348486625,-246.02512523402345,-254.42131582721876,840.0
GEO,2025-09-02,7,-337.99642428754686,-361.4730438958906,-277.91480315195315,-296.42066563565623,960.0
GEO,2025-09-02,8,-392.3724148573281,-419.716443761875,-330.3777530917188,-336.4884875056875,1080.0
GEO,2025-09-02,9,-439.36991265034374,-470.1741364825,-374.4943356073906,-379.03600873851565,1200.0
GEO,2025-09-02,10,-489.836013127375,-524.0204999071875,-413.59924857864064,-424.05336363275,1320.0
GEO,2025-09-02,11,-537.419975623875,-574.9581419374063,-451.44530731729685,-468.7436466608281,1440.0
GEO,2025-09-03,0,0.42679603362274166,0.8108792456629028,1.1352581257495729,0.1514161090786743,120.0
GEO,2025-09-03,1,-96.40136196789844,-77.62454414002343,179.69226925320314,-133.69063251710156,240.0
GEO,2025-09-03,2,-194.4654309673125,-156.12493414439064,358.82021000815627,-263.7176196450781,360.0
GEO,2025-09-03,3,-290.0023019093125,-233.31776957184374,537.9895633242812,-396.85542791175,480.0
GEO,2025-09-03,4,-378.70057679671874,-305.08530084379686,704.2323114501875,-527.3669624918125,589.0
GEO,2025-09-03,5,-397.6659300555625,-321.9291712497344,735.2913474318437,-545.9882892859063,610.0
GEO,2025-09-03,6,-409.9246858360938,-330.42942251635935,757.3284175661563,-560.5458896849688,624.0
GEO,2025-09-03,7,-420.87479566046875,-339.4911096696094,779.9125066596563,-577.7301566909688,639.0
GEO,2025-09-03,8,-433.3128669043125,-349.51369823121877,801.6341732290938,-594.1715674380625,654.0
GEO,2025-09-03,9,-445.9066523206094,-359.56239152315624,823.9876325445938,-612.0512907567812,670.0
GEO,2025-09-03,10,-459.50140419929687,-370.17632541846876,850.8722155123126,-627.65535996825,684.0
GEO,2025-09-03,11,-480.19240186728126,-387.43735371189064,883.0651948111876,-656.6159492860625,710.0
GEO,2025-09-03,12,-481.45557002389063,-387.8426061044375,893.0039141750625,-661.1696166612812,714.0
GEO,2025-09-03,13,-496.19564806620315,-399.7289915193594,915.1447847609063,-677.7202870308438,729.0
GEO,2025-09-03,14,-507.0555805861094,-408.57473485903125,937.0181569580938,-694.4555165230313,744.0
GEO,2025-09-03,15,-519.0416419543437,-418.44054146845315,960.4892781559688,-711.39233825375,759.0
GEO,2025-09-03,16,-530.2200699446563,-427.2447668389531,983.1024252301875,-728.0002004305625,774.0
GEO,2025-09-03,17,-535.6053407305938,-431.2138371880781,1016.4838922373438,-745.9178648222188,789.0
GEO,2025-09-03,18,-556.5461340207188,-448.32283899923436,1027.4019868925625,-761.3193725557187,804.0
GEO,2025-09-03,19,-565.9892194720312,-456.1841682863125,1051.481941449875,-778.3030239156875,819.0
GEO,2025-09-03,20,-579.2708856012188,-466.53174151825,1075.9953519738126,-795.8670012442187,835.0
GEO,2025-09-03,21,-592.007420618375,-477.1785460564531,1095.577618202375,-811.7902643405625,849.0
GEO,2025-09-03,22,-602.0092219707813,-485.21014636009374,1118.309409149,-828.386624539625,864.0
GEO,2025-09-03,23,-616.2883494761875,-496.55092780321877,1141.818228947625,-845.1226474888438,879.0
GEO,2025-09-03,24,-626.7870523106562,-505.16455984876563,1163.86869848075,-861.8129288512188,894.0
GEO,2025-09-03,25,-644.9963259694688,-520.4334075190312,1186.0861760276875,-878.1919372289062,909.0
GEO,2025-09-03,26,-651.525284364875,-525.1511984577812,1209.261894303875,-895.3626575976875,924.0
GEO,2025-09-03,27,-663.2789880449375,-534.6494214390312,1232.3349631081876,-912.3476528036875,939.0
GEO,2025-09-03,28,-681.352949168875,-549.2435542759688,1261.0100950965,-934.2983687425,959.0
GEO,2025-09-03,29,-779.796337604625,-628.550238169625,1441.6706898850625,-1065.0471454218125,1079.0
GEO,2025-09-03,30,-875.044585053125,-705.1296852978437,1619.7165429143124,-1198.8575323249374,1199.0
GEO,2025-09-03,31,-968.77185168875,-780.3451930729062,1803.4801153341875,-1336.029225292875,1319.0
GEO,2025-09-03,32,-1065.8223766723124,-858.0593565033438,1988.7627130009375,-1471.3943147073126,1439.0
GEO,2025-09-04,0,-0.365888684658203,-0.08163916331579602,-1.1882156144060056,-1.580306277193634,120.0
GEO,2025-09-04,1,-3.1758434246958007,-3.0400400047421874,-3.2424027396413573,-0.27470073612657164,240.0
GEO,2025-09-04,2,-2.6900307310230716,-1.615436575940674,-6.300849975443848,2.195909133679718,360.0
GEO,2025-09-04,3,-1.2027580100687256,-1.6777308395681152,-8.35707875504956,0.5693869291185303,480.0
GEO,2025-09-04,4,-1.4082053676303712,-1.854691013614624,-4.641365937934082,-8.917418042021119,600.0
GEO,2025-09-04,5,8.680857975920715,7.131050784372986,-1.702843534578125,-10.717436118813964,720.0
GEO,2025-09-04,6,-2.3148125672595823,-1.744609862350708,1.9701643358720093,-5.125342018525879,840.0
GEO,2025-09-04,7,-5.828525099703552,-4.901712953849121,1.1086369955836792,-5.491148701689453,960.0
GEO,2025-09-04,8,-5.284690689338623,-3.7098316812938235,0.8523469942255861,-5.881501021531738,1080.0
GEO,2025-09-04,9,-1.5334978850791017,-0.16279963813842774,0.14985288496215787,-6.993196248066406,1200.0
GEO,2025-09-04,10,1.7955902372753907,3.2784177362812197,5.32167780793457,-12.030317891366211,1320.0
GEO,2025-09-04,11,-1.0777662772321777,1.1527753477064973,12.384750431589355,-15.95633692731836,1440.0
GEO,2025-09-05,0,2.3490039520287476,1.8883039688984375,1.6858069178470458,-1.3206015287717132,120.0
GEO,2025-09-05,1,4.613290347521392,3.81396448644281,-0.7692102592463379,0.6050043344172058,240.0
GEO,2025-09-05,2,-0.04225159468934632,-1.3079693089586182,-5.357826569984375,2.6597039035229493,360.0
GEO,2025-09-05,3,-5.318579476159179,-5.72901413962323,-5.632435669764648,4.042641695655395,480.0
GEO,2025-09-05,4,-1.1397298240999145,-2.1176696757365723,-6.916769284615967,-0.8026438855755611,600.0
GEO,2025-09-05,5,-1.222445852840454,-2.320819541411499,-7.561345311960205,1.6613837102890625,720.0
GEO,2025-09-05,6,-0.6997150552081909,-1.5322734233784179,-4.584650508998047,6.366662965768066,840.0
GEO,2025-09-05,7,-4.225110918136657,-4.835631869383179,-7.1099815966054685,8.131607094965087,960.0
GEO,2025-09-05,8,-2.924487300340576,-3.528246625771362,-10.538007774368653,10.248160454712647,1080.0
GEO,2025-09-05,9,0.7360914985588378,-0.31081198950183087,-14.405615877322754,10.296971706458496,1200.0
GEO,2025-09-05,10,-0.04795150085241717,-0.8567438310203856,-13.191328393105469,4.385358581872071,1320.0
GEO,2025-09-05,11,-4.433889843578003,-4.879347160051269,-10.484531467327637,12.438800455024413,1440.0
GEO,2025-09-06,0,2.044695429769531,2.3743028565074464,6.056120187069093,0.10113656805706783,120.0
GEO,2025-09-06,1,1.5045063531496583,2.0160338733250733,2.1231420030673824,-1.2524854223047792,240.0
GEO,2025-09-06,2,7.823388270857544,7.062351234480713,-3.6827752282791746,-0.4568899097592163,360.0
GEO,2025-09-06,3,3.638800565626343,2.727372008922363,-1.5970779140422058,-1.1848495785550537,480.0
GEO,2025-09-06,4,2.228225081906372,0.9869798715220948,0.8174251593029175,-5.57244707872522,600.0
GEO,2025-09-06,5,1.946651722939209,0.2481797152560425,2.455577640331909,-6.459797980111695,720.0
GEO,2025-09-06,6,-3.5597125852662357,-15.40934761540657,-0.8238251440600584,-8.252859594273438,840.0
GEO,2025-09-06,7,4.750726316254822,13.931972094746094,18.312352098959963,3.3063648370104977,960.0
GEO,2025-09-06,8,3.157497603930649,0.6236950046330567,7.125509252699219,-2.307865640636963,1080.0
GEO,2025-09-06,9,0.8992095814744567,-1.7996040622802734,4.549365943071777,-1.7190110175312499,1200.0
GEO,2025-09-06,10,0.5408920682962035,-2.6456180026484377,4.969217340343262,-5.820853759772461,1320.0
GEO,2025-09-07,0,-5.474506437441162,-3.062641929358185,2.179097945859177,1.8197659563334656,360.0
GEO,2025-09-07,1,-1.165225599154541,0.4826108587353516,-1.3431141032596436,1.0738101637392274,480.0
GEO,2025-09-07,2,5.797343160457885,4.7074069265895995,-9.840924812399901,-0.9633032330089417,600.0
GEO,2025-09-07,3,-3.4162065350202635,-1.956051729215454,-2.9110429211313478,-4.580603136020752,720.0
GEO,2025-09-07,4,-4.7272931227143555,-3.1733845812196044,-3.741195396937378,-6.04019714902649,840.0
GEO,2025-09-07,5,-7.305615692967529,-15.25014300385376,9.205502129981689,-5.720669442553344,960.0
GEO,2025-09-07,6,7.361933453925781,15.64425974992798,-2.124066492060547,0.6360599355648193,964.0
GEO,2025-09-07,7,-5.842742759818847,-7.22204789552124,-3.538199237359375,-3.183255709084961,984.0
GEO,2025-09-07,8,-4.469561744823486,-2.4630542510300293,-3.7992813594467774,-2.8212549909500733,1000.0
GEO,2025-09-07,9,-5.102918650941406,-3.0374734289360354,-5.028133900544433,-2.998997849564453,1015.0
GEO,2025-09-07,10,-25.123029675372315,-31.82462497447632,-25.109761548645018,-8.517844395501708,1030.0
GEO,2025-09-07,11,3.4606591947163086,18.502527754655762,9.958263309197998,6.232092365338989,1045.0
GEO,2025-09-07,12,-12.921057924368652,-20.473632048255617,-7.763606082630127,-8.675565858164674,1060.0
GEO,2025-09-07,13,-7.583030253617432,-6.941413384013671,-6.498146326101562,-3.5674026101280516,1075.0
GEO,2025-09-07,14,-5.233605299178955,-4.734622936933838,-4.029667378542724,-3.6059061150291747,1090.0
GEO,2025-09-07,15,-8.642087232121094,-8.287151918303467,-8.853925668202393,-3.808482359556885,1105.0
GEO,2025-09-07,16,-7.486505020509766,-7.2070873933906245,-7.623626827716064,-4.0112930466844485,1120.0
GEO,2025-09-07,17,-4.70937138829541,-4.27594470960376,-3.5846130754851075,-3.6875282694643556,1135.0
GEO,2025-09-07,18,1.2141961938972177,-2.76891424542334,-9.932088180723632,-7.829229179111328,1150.0
GEO,2025-09-07,19,-7.564278825964111,-6.492855359184326,-5.880886105197265,-4.1551716764919435,1165.0
GEO,2025-09-07,20,-11.419427238841063,-6.297579829002197,-11.182949643840331,-0.7900393390886231,1180.0
GEO,2025-09-07,21,-9.209679123283447,-8.499242689458253,-6.908001555812255,-4.2179396126105955,1196.0
GEO,2025-09-07,22,-9.471388042122314,-8.937338568563721,-5.610337212616943,-4.475341986326904,1211.0
GEO,2025-09-07,23,-6.138571120333252,-6.345993865010498,-7.97439421536499,-4.671411358130371,1225.0
GEO,2025-09-07,24,-9.681581370684325,-8.50056955556836,-7.268585748669922,-4.207394827433838,1240.0
GEO,2025-09-07,25,-2.9016621859995118,-3.457874409632568,-3.391996762401367,-4.984866675079101,1256.0
GEO,2025-09-07,26,-8.05909411603662,-6.951397489423584,-0.9041387252155761,-4.3961665521347655,1270.0
GEO,2025-09-07,27,-6.708296265735839,-6.258768618067139,-4.479159533222412,-5.110900316088623,1285.0
GEO,2025-09-07,28,-0.6016368642055667,-5.697694271696533,-3.866645143440918,-9.03645388832666,1300.0
GEO,2025-09-07,29,-2.069252230631836,32.3395773397937,32.04922558661133,18.181763814660645,1320.0
GEO,2025-09-07,30,-15.434893474046875,-49.09069766793945,-38.76042232094238,-28.602971463336182,1324.0
GEO,2025-09-07,31,-15.590870633617676,-8.629380692040039,-16.226003554056398,-0.8227423660429691,1345.0
GEO,2025-09-07,32,-6.685577787800293,-7.283528424793457,-7.169817742730957,-5.231503547481689,1361.0
GEO,2025-09-07,33,-5.785325832674804,-11.685912650126953,-6.389081672557861,-9.985930119545653,1376.0
GEO,2025-09-07,34,-9.346199959629395,-3.5512924086191404,-0.5662460040905763,-1.1639459065576174,1390.0
GEO,2025-09-07,35,-9.960340674510254,-9.23297420522705,-6.238876531379883,-5.421206587673096,1406.0
GEO,2025-09-07,36,-9.12540365049463,-9.338137514632324,-12.2046764836604,-5.964952889728759,1421.0
GEO,2025-09-07,37,-9.563589651570801,-9.134341978029784,-6.9242466101249995,-5.63818372385498,1436.0
GEO,2025-09-07,38,-6.768848777220703,-6.173190623600098,-5.626510474523437,-5.842862756958985,1451.0
GEO,2025-09-07,39,-5.677482962394043,-5.02531953180957,-5.273428530616211,-5.967775688622314,1466.0
GEO,2025-09-07,40,-6.500893265194824,-5.231755282275879,-12.579047493466797,-5.814480926553955,1481.0
GEO,2025-09-07,41,-20.537241502285156,-28.138021871796877,-16.32260102274512,-11.466223789614013,1496.0
GEO,2025-09-07,42,8.825279483447265,18.377145112819825,13.2373989376416,-1.4429869686823729,1511.0
GEO,2025-09-07,43,-23.01351797799805,-30.040195477426757,-16.270601737750976,-11.13802841849121,1526.0
GEO,2025-09-07,44,8.347931183117677,17.77712325062256,7.729457709716797,-1.872834540187256,1540.0
GEO,2025-09-07,45,-30.341588892690428,-40.25628660729736,-27.755487380483398,-12.460338812606444,1556.0
GEO,2025-09-07,46,12.809276853400878,22.51611133594482,6.842062260639649,-1.32252024991333,1571.0
GEO,2025-09-07,47,-11.777370802977051,-10.846949555157714,-6.8361173909882815,-6.644515575222168,1586.0
GEO,2025-09-07,48,-12.069456286245606,-11.435008924360352,-4.130832431229492,-6.794115835667236,1600.0
GEO,2025-09-07,49,-9.441324185444824,-9.7992042149292,-9.219917389460937,-6.9737498304492185,1616.0
GEO,2025-09-07,50,-12.75195926475586,-11.970467362248048,-8.768399867998047,-6.6003766909729,1631.0
GEO,2025-09-07,51,-11.162900053354493,-11.201243505310059,-9.303226988968749,-7.175971747807373,1646.0
GEO,2025-09-07,52,-8.940920069396483,-8.928229395453613,-9.107621924391601,-7.238889264294678,1661.0
MEO,2025-09-02,0,-0.9744109361219178,1.1681212301525878,4.675324441548096,-16.646521583304686,1260.0
MEO,2025-09-02,1,-1.1268105210377501,0.8642538898547973,4.921768984639892,-17.740751394866212,1320.0
MEO,2025-09-02,2,-1.4914696198448791,0.6273168068320313,5.079929009119384,-18.578914539913086,1380.0
MEO,2025-09-02,3,-1.6403326766897888,0.510539397130188,5.036632861623779,-18.615118507390626,1440.0
MEO,2025-09-02,4,-1.8296517989009096,0.49358019826431276,4.96288444809082,-19.813093260711913,1500.0
MEO,2025-09-02,5,-2.0722917526905515,0.33982024481774903,4.653081387664795,-20.734989042546875,1560.0
MEO,2025-09-02,6,-1.9276424105024415,0.2831757926077271,4.539126782093262,-21.67062048429004,1620.0
MEO,2025-09-03,0,0.24889255305053712,-0.057228293296234134,0.05750065114395142,-0.2832682517429962,1200.0
MEO,2025-09-03,1,-0.06465002547904969,-0.32200656999938965,0.02751214567498783,-0.049992586194664,1260.0
MEO,2025-09-03,2,-0.37027541145568843,-0.49149995249118045,-0.1679156604452514,0.09042650059707641,1320.0
MEO,2025-09-03,3,-0.45995974742707824,-0.529419710972229,-0.40595332169885257,0.2783330213337002,1380.0
MEO,2025-09-03,4,-0.6019958454286805,-0.5346157995473633,-0.756667122517334,0.2084133848166294,1440.0
MEO,2025-09-05,0,0.025173686141906737,0.30254687266867064,-0.10906384481796266,0.43779441907198335,60.0
MEO,2025-09-05,1,-0.11480678657534793,0.38948632039945985,-0.4823063721195221,0.21878148655226898,120.0
MEO,2025-09-05,2,0.018341980878479047,0.2599163539040833,-1.0752517583744354,0.191618244569294,180.0
MEO,2025-09-05,3,-0.1542981349188538,0.0830381137769623,-1.2803561798820953,0.029049859212345125,240.0
MEO,2025-09-05,4,-0.04480334855218504,-0.3312684334010925,-1.3672622685086517,-0.19085835263373566,300.0
MEO,2025-09-05,5,-0.10887040677658077,-0.6198841859460449,-1.2764606923435058,0.006203556840127945,360.0
MEO,2025-09-06,0,0.5698781533597412,0.2504874041255798,-0.2022094542418213,-0.0419656191179657,1260.0
MEO,2025-09-06,1,0.36906375167880245,0.37538419355920405,-0.5620935520945435,0.02157366503002167,1320.0
MEO,2025-09-06,2,0.12421964993768309,0.3107620570417481,-1.0592701021516113,0.35782823952257536,1380.0
MEO,2025-09-06,3,0.19124620269763182,0.030221674831115708,-1.2534321304222718,0.12969452625325012,1440.0
MEO,2025-09-06,4,-0.06879132447164915,-0.3478112708361511,-1.2948591112894592,-0.1081103436615982,1500.0
MEO,2025-09-06,5,-0.14803360387289433,-0.5735057666985474,-1.1938922798618774,-0.225667411446167,1560.0
MEO,2025-09-06,6,0.5425410049604492,-1.545754218055603,-0.09353112797924806,0.7745030745171217,1980.0
MEO,2025-09-07,0,-0.007663160158111575,0.992792824280655,-1.0439128673328093,-0.4965020760817261,960.0
MEO,2025-09-07,1,-0.1769956792651367,0.8440205953363342,-1.2384567797846069,-1.3190863518223268,1020.0
MEO,2025-09-07,2,-0.5675626213571168,0.5215490850059967,-1.2167768396237946,-0.5323160793561096,1080.0
MEO,2025-09-07,3,-0.7523385884948425,0.4270732181702881,-1.1057075668595124,-0.6210005881918029,1140.0
MEO,2025-09-07,4,-2.376032521178375,0.9604490004865188,-0.45533350125016786,-0.505701432514923,1307.0
MEO,2025-09-07,5,-1.0418575168452455,0.22750309499188232,0.06760892649205019,0.9934621713573915,1320.0
MEO,2025-09-07,6,-0.8746638108704834,0.03820939391226196,0.253926358999939,-0.6178339498568726,1380.0
MEO,2025-09-07,7,-0.6160210370940247,-0.24005123575917053,0.2686391407302551,-1.2983324664556273,1440.0
MEO,2025-09-07,8,-0.5862565464009705,-0.5599346343186036,0.17908081220758054,-0.3272506240117798,1500.0
MEO,2025-09-07,9,-0.4986910107557373,-0.8761733772503547,-0.1416940095984497,-0.2868313226630249,1560.0
MEO2,2025-09-04,0,7.6128186207573245,2.16419547533313,-0.3134966418125,-0.3559377928290558,1556.0
MEO2,2025-09-04,1,8.02564290959082,1.891092567104187,-0.6869249490429382,-0.39949615351586915,1560.0
MEO2,2025-09-04,2,8.004886757117188,1.8747089542058717,-0.6604578384115295,-0.4191017468779144,1570.0
MEO2,2025-09-04,3,8.066312674551758,1.9635858142611085,-0.7063205540845032,-0.40380807272821045,1580.0
MEO2,2025-09-04,4,7.853278750257324,2.415527572784363,-0.7916609160420532,-0.3749442239318085,1644.0
MEO2,2025-09-04,5,8.462056275445313,1.8600889197669068,-0.7821427885359802,-0.46873636050198364,1650.0
MEO2,2025-09-04,6,8.356263369200196,2.4509965889400025,-1.2598789634032288,-0.41819156689015197,1724.0
MEO2,2025-09-04,7,8.757250784374023,2.034671727970642,-1.0170470999714967,-0.44857945805335997,1730.0
MEO2,2025-09-04,8,8.877053726743164,1.96268591630896,-0.9430987985005799,-0.48564332684477235,1740.0
MEO2,2025-09-04,9,8.816066743589355,2.1146364737335204,-1.4079637695852967,-0.5213737075269929,1808.0
MEO2,2025-09-04,10,9.169370129503418,2.0373086217368166,-1.0446047854498597,-0.4058456693876801,1810.0
MEO2,2025-09-04,11,9.161376350610352,2.0288834158931883,-1.1070341041912537,-0.41055341700573733,1820.0
MEO2,2025-09-04,12,9.280172615882325,2.052226011166504,-1.0287311105605164,-0.43271073817037964,1830.0
MEO2,2025-09-04,13,9.198552780666503,1.8556634823164062,-1.6207760500474855,-0.3838688959671478,1899.0
MEO2,2025-09-04,14,9.584804056206055,2.011083543074341,-1.0297659098865968,-0.46773828166511533,1900.0
MEO2,2025-09-04,15,9.609541518445312,2.009240604446045,-1.0751109100916443,-0.45242642890107726,1910.0
MEO2,2025-09-04,16,9.559219490592774,1.9826141853532715,-1.0741898211800232,-0.45456295759072873,1920.0
MEO2,2025-09-06,0,0.4949525666257019,0.5179684062029419,-0.27491619833238223,0.03989643146637344,68.0
MEO2,2025-09-06,1,0.3681450635506897,-0.21411149245033265,0.23495043406462096,0.018357610699095726,70.0
MEO2,2025-09-06,2,0.3759653236307526,-0.29116139945213315,0.2351133008715668,0.035650459222501756,80.0
MEO2,2025-09-06,3,0.4183390068838196,-0.3008166404206696,0.26351798668710325,0.03294489202941704,90.0
MEO2,2025-09-06,4,0.37240600580810546,-0.2827662525274506,0.22648406064959717,0.05023519598187161,100.0
MEO2,2025-09-06,5,0.3985148887946472,-0.27912698825021365,0.2008910033284607,0.032620864416611675,110.0
MEO2,2025-09-06,6,0.20786063718244935,0.223538274132431,-0.540947578421875,0.19745643202626037,175.0
MEO2,2025-09-06,7,0.3418245871864319,-0.34374350664219666,0.20172362072550964,0.0038940342542591096,180.0
MEO2,2025-09-06,8,0.39796040965530394,-0.37871794807870485,0.24743993484013366,0.0037439078491988183,190.0
MEO2,2025-09-06,9,0.2689861060586243,-0.3028677536000671,0.17229203691030884,0.003609209733909607,200.0
MEO2,2025-09-06,10,0.38268271819604494,-0.40826833580378724,0.2387062776951294,0.003458450960821152,210.0
MEO2,2025-09-06,11,0.4097657275013733,-0.36037832126646424,0.2510154838122253,0.020775731800649642,220.0
MEO2,2025-09-06,12,0.29686100029208373,-0.2988663951502686,0.17868757073638916,0.03806909727676201,230.0
MEO2,2025-09-06,13,0.3281734180760498,-0.36304062594749453,0.20013803788859558,0.017921880160879613,240.0
MEO2,2025-09-06,14,0.22925763589794923,-0.31481197828051755,0.1440815140223999,0.03267631446457052,250.0
MEO2,2025-09-06,15,-0.15386381693380735,-0.6776805783589783,1.2208346672097017,-0.05121763049095249,614.0
MEO2,2025-09-06,16,0.3188329091257019,-0.5189654829752808,0.4052168488025055,0.040151315171817775,620.0
MEO2,2025-09-06,17,0.33566016938591003,-0.5191998333410034,0.34787346563900756,0.020199041961286544,630.0
MEO2,2025-09-06,18,0.31772423779652403,-0.564877230590332,0.3845328664558563,0.0027953828153076173,640.0
MEO2,2025-09-06,19,0.23860090554525756,-0.6505802760716247,0.5114237797037201,-0.017157785593895435,650.0
MEO2,2025-09-06,20,0.3270192812654724,-0.6037962439725952,0.3692796433895416,-0.014546957923358441,660.0
MEO2,2025-09-06,21,0.3104690741944275,-0.6448445171342468,0.45945830077612304,-0.01450668008465147,670.0
MEO2,2025-09-06,22,-0.4828943662382049,-1.2977607322177733,0.6990670787504272,-0.014833214058677675,743.0
MEO2,2025-09-06,23,0.3455367041950073,-0.6213039646998291,0.32094040106144717,0.0233378204378891,750.0
MEO2,2025-09-06,24,0.17199950418814086,-0.7030041102571106,0.3035122828504028,0.0408380558722105,760.0
MEO2,2025-09-06,25,0.2905636565033112,-0.7472672727021179,0.3747042974015503,0.005982256652308464,770.0
MEO2,2025-09-06,26,0.2487552664616089,-0.7135318424438172,0.26860031451097105,0.0060388177349100115,780.0
MEO2,2025-09-06,27,0.2470741342684021,-0.7202140542637023,0.29900105636520385,0.006081742392374039,790.0
MEO2,2025-09-06,28,-0.5317084002305603,-1.590546756880371,-0.17607270587966917,-0.06659684061576843,862.0
MEO2,2025-09-07,0,0.3706012478129425,-0.1798636469955139,-0.23136219288302612,0.009506145169462205,1408.0
MEO2,2025-09-07,1,0.32189230658950807,-0.20521267842974855,-0.26355615885923767,0.009250322231763839,1418.0
MEO2,2025-09-07,2,0.3331468627261658,-0.21082806630593873,-0.2664272954860687,0.029006351874662398,1428.0
MEO2,2025-09-07,3,0.3567354235140686,-0.2443829957747345,-0.23543020399897766,0.04622179445360183,1438.0
MEO2,2025-09-07,4,0.30794489797036745,-0.26065878579685975,-0.2105505394519043,0.028526411549640654,1448.0
MEO2,2025-09-07,5,0.26131169173324587,-0.21790955202085877,-0.15342519941383362,0.02827787135679817,1458.0
MEO2,2025-09-07,6,0.23554168598010253,-0.2552675330190888,-0.22046777199923706,0.0306039455256176,1468.0
MEO2,2025-09-07,7,0.248877394887619,-0.23316317822535704,-0.25211987984394835,0.027783066321163178,1478.0
MEO2,2025-09-07,8,0.23852807700427245,-0.21257659628137207,-0.24425554616337586,0.027523492620779036,1488.0
MEO2,2025-09-07,9,0.23090777911837768,-0.29685722143867493,-0.23891951686964416,0.04471339460943222,1498.0
MEO2,2025-09-07,10,0.14665415549331665,-0.2442819328634491,-0.20961228361541748,0.04446461580033302,1508.0
MEO2,2025-09-07,11,0.1824023391503601,-0.28405647707359316,-0.2780934072100372,0.041663412152383804,1518.0
MEO2,2025-09-07,12,0.18735028018832398,-0.3094315563540344,-0.2633590957247467,0.058848833419130324,1528.0
MEO2,2025-09-07,13,0.20096226409945678,-0.33155556422523497,-0.27035530671801755,0.04113169029221344,1538.0
MEO2,2025-09-07,14,-0.04823170461320497,-0.29643301844285586,-0.22191599733470155,0.04402046086049843,1558.0
MEO2,2025-09-07,15,-0.6777460404082032,-0.19266901491696165,-0.39997665910162356,0.019816529761955262,1628.0
MEO2,2025-09-07,16,0.16754336997451783,-0.38871223060969545,-0.4083485561556549,0.055990729432538036,1638.0
MEO2,2025-09-07,17,0.11878671638493346,-0.39461164511436464,-0.4671627651687317,0.018268750716268538,1648.0
MEO2,2025-09-07,18,0.1446413699489746,-0.3959088179627991,-0.45924674381669617,0.018013892431079863,1658.0
MEO2,2025-09-07,19,-0.5305952409263458,-0.40855401411087033,-0.9113648163787078,-0.09334420459209061,1725.0
MEO2,2025-09-07,20,0.052512113269195554,-0.4886878208583374,-0.6135415321842651,0.0362791290120821,1728.0
MEO2,2025-09-07,21,0.18520419627378845,-0.5383985486242676,-0.5811245967651825,0.0385841167393732,1738.0
MEO2,2025-09-07,22,-0.2941434833654938,-0.5980343495109558,-1.031090394001358,0.012141164779312133,1792.0
MEO2,2025-09-07,23,0.062132853929245,-0.6050387877072754,-0.7290807235234222,0.07495893286428737,1798.0
MEO2,2025-09-07,24,0.12167198736827087,-0.6274663363205262,-0.7135170600282745,0.07479440355561065,1808.0
MEO2,2025-09-07,25,0.1794339377643585,-0.6593935338469543,-0.5932421022146454,0.03723611485693931,1818.0
MEO2,2025-09-07,26,0.10360817210066223,-0.6496756080738525,-0.7404895687383576,0.037140706447105404,1828.0
MEO2,2025-09-07,27,0.12373096273455811,-0.7009323202946472,-0.7271587609870453,0.054567408178547855,1838.0
MEO2,2025-09-07,28,0.0884283523564453,-0.732436503741394,-0.7433224292855072,0.01976682088151455,1848.0
MEO2,2025-09-07,29,0.19664050216272735,-0.7002668042899475,-0.6167847101420441,0.05225123812978077,1858.0
MEO2,2025-09-07,30,0.13185017356159212,-0.7464088271802674,-0.7109537942390595,0.03492805190250683,1868.0
MEO2,2025-09-07,31,0.22264231763557435,-0.7204224281149597,-0.6490767462059479,0.052524592481301306,1878.0
MEO2,2025-09-07,32,0.054267252202850336,-0.8151384559673462,-0.6804945243195953,0.03265615220364666,1888.0
MEO2,2025-09-07,33,0.11394764111801148,-0.8339009137200928,-0.663346320073349,0.015352388579666138,1898.0
MEO2,2025-09-08,0,-0.3414579479949341,0.08354480601446534,-0.5284207831641845,0.12583151514533997,1476.0
MEO2,2025-09-08,1,-0.16586342063980103,-0.8170496952806091,-0.2361503692460022,0.16713479043222046,1480.0
MEO2,2025-09-08,2,-0.23615718774624633,-0.7093520796871032,-0.3114660571110077,0.1328426564367981,1490.0
MEO2,2025-09-08,3,-0.19231182360856627,-0.6754272652593079,-0.3652513136509094,0.13345476653399657,1500.0
MEO2,2025-09-08,4,-0.19942317922538758,-0.7985191472367859,-0.36617563643063356,0.11916134169035339,1510.0
MEO2,2025-09-08,5,-0.27435221168823243,-0.7046946140827332,-0.35736725856054685,0.1546718540319519,1520.0
MEO2,2025-09-09,0,-0.0823740883152008,0.5764396149729195,-0.6501102315609436,0.12186493089516712,68.0
MEO2,2025-09-09,1,0.08871921183390807,-0.040609915170551306,-0.12289074994459724,0.012890673938109158,70.0
MEO2,2025-09-09,2,0.1655198191463852,-0.0741466544111023,-0.1201742169389286,0.028975923031780718,80.0
MEO2,2025-09-09,3,0.13653871378897095,-0.06905945024171448,-0.1420092083829117,0.013195807796483994,94.0
MEO2,2025-09-09,4,0.082962538676651,-0.03467132542637634,-0.18576130057190324,0.01391409479109144,100.0
MEO2,2025-09-09,5,0.09327796067510986,-0.07814186108332061,-0.18072154889691544,0.03254833114168405,110.0
MEO2,2025-09-09,6,0.12554352697987364,-0.06653765231666565,-0.18700036187490843,-0.0011444994440558852,120.0
MEO2,2025-09-09,7,-0.47978706302067564,0.011797283144950876,-0.8461837193102723,0.0904071256247673,188.0
MEO2,2025-09-09,8,0.1269887458325424,-0.11590747123205566,-0.19207823263476562,0.037201766286591526,190.0
MEO2,2025-09-09,9,0.11330139267839813,-0.14860165168432618,-0.24915500500334167,0.0035785559280643465,200.0
MEO2,2025-09-09,10,-0.47216350760810855,-0.34835017799697876,0.2798994033543396,-0.024503481759418494,486.0
MEO2,2025-09-09,11,0.17282013382141875,-0.2313950138685608,-0.5006064509982605,0.031077997494756697,490.0
MEO2,2025-09-09,12,0.13546604121790312,-0.1696958358382263,-0.4661017341777344,0.03457968277404213,500.0
MEO2,2025-09-09,13,0.1453959834073944,-0.19921695419081115,-0.5152988659127807,0.035521912800973894,510.0
MEO2,2025-09-09,14,0.13909223892339323,-0.22794941110881042,-0.45848845063531496,0.01899690707537079,520.0
MEO2,2025-09-09,15,0.11815611460498048,-0.24023975460266114,-0.4613007040508423,0.037375077284072876,530.0
MEO2,2025-09-09,16,0.19692639245760346,-0.19290790335284425,-0.5211809171174622,0.0383326666829052,540.0
MEO2,2025-09-09,17,0.09309098357530213,-0.2963069902114563,-0.39864586569677735,0.03926561348409081,550.0
MEO2,2025-09-09,18,0.1426700898723755,-0.29231555375839235,-0.44890715833493045,0.04023496754736328,560.0
MEO2,2025-09-09,19,0.15145873879716493,-0.3120437485418396,-0.4637344229602661,0.023705033460372924,570.0
MEO2,2025-09-09,20,0.1514604049778671,-0.3402860801768036,-0.43220325126885983,0.042083743440813066,580.0
MEO2,2025-09-09,21,0.08439141910363007,-0.3448390851314087,-0.4384390428852539,0.06043345495924759,590.0
MEO2,2025-09-09,22,0.1547717342433777,-0.37999008970034787,-0.48431482691116334,0.06133208046323586,600.0
MEO2,2025-09-09,23,0.16136378256811523,-0.41098878549356077,-0.463028526346283,0.062221065311286926,610.0
MEO2,2025-09-09,24,0.11444803900775147,-0.4202571361738739,-0.5002524297485962,0.04568484001130486,620.0
MEO2,2025-09-09,25,0.19602577425120543,-0.4277070019424896,-0.48352127188290406,0.0465554815299263,630.0
MEO2,2025-09-09,26,0.15091825093261718,-0.40539724753637696,-0.5490632036346436,0.08233319012050438,640.0
MEO2,2025-09-09,27,-0.05069419898408506,-0.9627414943462372,-0.35970998134475707,0.10323794340184783,695.0
MEO2,2025-09-09,28,0.22621564906967162,-0.3755357101430817,-0.6515143289745483,0.03455909123035812,700.0
MEO2,2025-09-09,29,0.19702687109571837,-0.3458701554851074,-0.7033270443806763,0.0378070842403183,710.0
MEO2,2025-09-09,30,0.1891496996613617,-0.34047133706121824,-0.6984024088056641,0.055983488605810164,720.0
MEO2,2025-09-09,31,0.16401074627879333,-0.3564721754647522,-0.7286313024283447,0.0566317747994194,730.0
MEO2,2025-09-09,32,0.22065411510240174,-0.3044837372244873,-0.7011136937561645,0.057271548704696654,740.0
MEO2,2025-09-09,33,0.25673226650720216,-0.3718404224213562,-0.6758866610932922,0.043018328690071106,750.0
