validation_day,window_hours,horizon_lo,horizon_hi,bias_type,shrinkage,W,champion_W,delta_W
2025-09-02,6,0,360.0,mean,0.25,0.9567083161235828,0.9602760171558052,-0.003567701032222481
2025-09-02,6,0,360.0,mean,0.5,0.9533976207752783,0.9602760171558052,-0.006878396380526897
2025-09-02,6,0,360.0,mean,0.75,0.9419527854375251,0.9602760171558052,-0.018323231718280097
2025-09-02,6,0,360.0,mean,1.0,0.9455754366674962,0.9602760171558052,-0.014700580488309023
2025-09-02,6,0,360.0,median,0.25,0.9570674515664029,0.9602760171558052,-0.0032085655894023013
2025-09-02,6,0,360.0,median,0.5,0.9531799980756501,0.9602760171558052,-0.007096019080155114
2025-09-02,6,0,360.0,median,0.75,0.9424786546772903,0.9602760171558052,-0.017797362478514933
2025-09-02,6,0,360.0,median,1.0,0.9456966133593058,0.9602760171558052,-0.014579403796499468
2025-09-02,12,0,360.0,mean,0.25,0.9588114938512466,0.9602760171558052,-0.001464523304558596
2025-09-02,12,0,360.0,mean,0.5,0.956910271224361,0.9602760171558052,-0.0033657459314442306
2025-09-02,12,0,360.0,mean,0.75,0.9563785851736235,0.9602760171558052,-0.0038974319821817316
2025-09-02,12,0,360.0,mean,1.0,0.9559794050495689,0.9602760171558052,-0.0042966121062363305
2025-09-02,12,0,360.0,median,0.25,0.9588114938512466,0.9602760171558052,-0.001464523304558596
2025-09-02,12,0,360.0,median,0.5,0.956910271224361,0.9602760171558052,-0.0033657459314442306
2025-09-02,12,0,360.0,median,0.75,0.9563785851736235,0.9602760171558052,-0.0038974319821817316
2025-09-02,12,0,360.0,median,1.0,0.9559794050495689,0.9602760171558052,-0.0042966121062363305
2025-09-02,12,360,720.0,mean,0.25,0.9549186652776755,0.9602760171558052,-0.00535735187812969
2025-09-02,12,360,720.0,mean,0.5,0.9569939033225987,0.9602760171558052,-0.0032821138332065347
2025-09-02,12,360,720.0,mean,0.75,0.954462995393537,0.9602760171558052,-0.005813021762268278
2025-09-02,12,360,720.0,mean,1.0,0.9479659359083616,0.9602760171558052,-0.012310081247443594
2025-09-02,12,360,720.0,median,0.25,0.9545941592462684,0.9602760171558052,-0.005681857909536792
2025-09-02,12,360,720.0,median,0.5,0.9567822381894109,0.9602760171558052,-0.0034937789663943564
2025-09-02,12,360,720.0,median,0.75,0.9537348614129504,0.9602760171558052,-0.006541155742854854
2025-09-02,12,360,720.0,median,1.0,0.9462571861048085,0.9602760171558052,-0.014018831050996772
2025-09-02,12,720,1200.0,mean,0.25,0.9662056015763729,0.9602760171558052,0.0059295844205676795
2025-09-02,12,720,1200.0,mean,0.5,0.9399055260639929,0.9602760171558052,-0.020370491091812326
2025-09-02,12,720,1200.0,mean,0.75,0.9274172965107017,0.9602760171558052,-0.032858720645103534
2025-09-02,12,720,1200.0,mean,1.0,0.9352020313449371,0.9602760171558052,-0.02507398581086817
2025-09-02,12,720,1200.0,median,0.25,0.9662056015763729,0.9602760171558052,0.0059295844205676795
2025-09-02,12,720,1200.0,median,0.5,0.9399055260639929,0.9602760171558052,-0.020370491091812326
2025-09-02,12,720,1200.0,median,0.75,0.9274172965107017,0.9602760171558052,-0.032858720645103534
2025-09-02,12,720,1200.0,median,1.0,0.9352020313449371,0.9602760171558052,-0.02507398581086817
2025-09-03,6,0,360.0,mean,0.25,0.9597121433144513,0.9582826935879216,0.0014294497265296968
2025-09-03,6,0,360.0,mean,0.5,0.9608172176346501,0.9582826935879216,0.0025345240467284924
2025-09-03,6,0,360.0,mean,0.75,0.9615745310595543,0.9582826935879216,0.0032918374716326415
2025-09-03,6,0,360.0,mean,1.0,0.9619602557649084,0.9582826935879216,0.0036775621769867817
2025-09-03,6,0,360.0,median,0.25,0.9597121433144513,0.9582826935879216,0.0014294497265296968
2025-09-03,6,0,360.0,median,0.5,0.9608172176346501,0.9582826935879216,0.0025345240467284924
2025-09-03,6,0,360.0,median,0.75,0.9615745310595543,0.9582826935879216,0.0032918374716326415
2025-09-03,6,0,360.0,median,1.0,0.9619602557649084,0.9582826935879216,0.0036775621769867817
2025-09-03,6,360,720.0,mean,0.25,0.9194510645821317,0.9582826935879216,-0.03883162900578996
2025-09-03,6,360,720.0,mean,0.5,0.8840095258010712,0.9582826935879216,-0.07427316778685045
2025-09-03,6,360,720.0,mean,0.75,0.8703160850781344,0.9582826935879216,-0.08796660850978721
2025-09-03,6,360,720.0,mean,1.0,0.868416737432447,0.9582826935879216,-0.08986595615547466
2025-09-03,6,360,720.0,median,0.25,0.9194510645821317,0.9582826935879216,-0.03883162900578996
2025-09-03,6,360,720.0,median,0.5,0.8840095258010712,0.9582826935879216,-0.07427316778685045
2025-09-03,6,360,720.0,median,0.75,0.8703160850781344,0.9582826935879216,-0.08796660850978721
2025-09-03,6,360,720.0,median,1.0,0.868416737432447,0.9582826935879216,-0.08986595615547466
2025-09-03,12,0,360.0,mean,0.25,0.9591070575241739,0.9582826935879216,0.0008243639362522925
2025-09-03,12,0,360.0,mean,0.5,0.9598369804996216,0.9582826935879216,0.001554286911700009
2025-09-03,12,0,360.0,mean,0.75,0.960468695171729,0.9582826935879216,0.002186001583807329
2025-09-03,12,0,360.0,mean,1.0,0.9609983821057094,0.9582826935879216,0.0027156885177878065
2025-09-03,12,0,360.0,median,0.25,0.9591070575241739,0.9582826935879216,0.0008243639362522925
2025-09-03,12,0,360.0,median,0.5,0.9598369804996216,0.9582826935879216,0.001554286911700009
2025-09-03,12,0,360.0,median,0.75,0.960468695171729,0.9582826935879216,0.002186001583807329
2025-09-03,12,0,360.0,median,1.0,0.9609983821057094,0.9582826935879216,0.0027156885177878065
2025-09-03,12,360,720.0,mean,0.25,0.9291038285564291,0.9582826935879216,-0.029178865031492474
2025-09-03,12,360,720.0,mean,0.5,0.8987310021103687,0.9582826935879216,-0.059551691477552904
2025-09-03,12,360,720.0,mean,0.75,0.8808125771389002,0.9582826935879216,-0.07747011644902146
2025-09-03,12,360,720.0,mean,1.0,0.8778565067726576,0.9582826935879216,-0.08042618681526403
2025-09-03,12,360,720.0,median,0.25,0.9293818989575372,0.9582826935879216,-0.02890079463038442
2025-09-03,12,360,720.0,median,0.5,0.8992781903527662,0.9582826935879216,-0.05900450323515538
2025-09-03,12,360,720.0,median,0.75,0.8813839783490416,0.9582826935879216,-0.07689871523888003
2025-09-03,12,360,720.0,median,1.0,0.8783155382301513,0.9582826935879216,-0.07996715535777033
2025-09-03,12,720,1200.0,mean,0.25,0.9731169687881362,0.9582826935879216,0.01483427520021463
2025-09-03,12,720,1200.0,mean,0.5,0.9584150379950831,0.9582826935879216,0.00013234440716147766
2025-09-03,12,720,1200.0,mean,0.75,0.9356885665387242,0.9582826935879216,-0.022594127049197388
2025-09-03,12,720,1200.0,mean,1.0,0.9141785835242717,0.9582826935879216,-0.04410411006364989
2025-09-03,12,720,1200.0,median,0.25,0.9731169687881362,0.9582826935879216,0.01483427520021463
2025-09-03,12,720,1200.0,median,0.5,0.9584150379950831,0.9582826935879216,0.00013234440716147766
2025-09-03,12,720,1200.0,median,0.75,0.9356885665387242,0.9582826935879216,-0.022594127049197388
2025-09-03,12,720,1200.0,median,1.0,0.9141785835242717,0.9582826935879216,-0.04410411006364989
2025-09-03,24,0,360.0,mean,0.25,0.9585351237840158,0.9582826935879216,0.0002524301960942221
2025-09-03,24,0,360.0,mean,0.5,0.9587656913156777,0.9582826935879216,0.00048299772775606264
2025-09-03,24,0,360.0,mean,0.75,0.9589739085303097,0.9582826935879216,0.0006912149423881075
2025-09-03,24,0,360.0,mean,1.0,0.9591592840722654,0.9582826935879216,0.0008765904843437422
2025-09-03,24,0,360.0,median,0.25,0.9585351237840158,0.9582826935879216,0.0002524301960942221
2025-09-03,24,0,360.0,median,0.5,0.9587656913156777,0.9582826935879216,0.00048299772775606264
2025-09-03,24,0,360.0,median,0.75,0.9589739085303097,0.9582826935879216,0.0006912149423881075
2025-09-03,24,0,360.0,median,1.0,0.9591592840722654,0.9582826935879216,0.0008765904843437422
2025-09-03,24,360,720.0,mean,0.25,0.9499340035340056,0.9582826935879216,-0.00834869005391603
2025-09-03,24,360,720.0,mean,0.5,0.9394099811801712,0.9582826935879216,-0.018872712407750458
2025-09-03,24,360,720.0,mean,0.75,0.928467171544768,0.9582826935879216,-0.02981552204315363
2025-09-03,24,360,720.0,mean,1.0,0.9192106338015247,0.9582826935879216,-0.03907205978639694
2025-09-03,24,360,720.0,median,0.25,0.9502717590516911,0.9582826935879216,-0.008010934536230474
2025-09-03,24,360,720.0,median,0.5,0.9401126354285754,0.9582826935879216,-0.018170058159346247
2025-09-03,24,360,720.0,median,0.75,0.9294979943875423,0.9582826935879216,-0.028784699200379293
2025-09-03,24,360,720.0,median,1.0,0.9203949390481949,0.9582826935879216,-0.037887754539726703
2025-09-03,24,720,1200.0,mean,0.25,0.9637160563802345,0.9582826935879216,0.005433362792312879
2025-09-03,24,720,1200.0,mean,0.5,0.9551997274804769,0.9582826935879216,-0.00308296610744474
2025-09-03,24,720,1200.0,mean,0.75,0.938988922076651,0.9582826935879216,-0.019293771511270652
2025-09-03,24,720,1200.0,mean,1.0,0.9222026449529488,0.9582826935879216,-0.03608004863497283
2025-09-03,24,720,1200.0,median,0.25,0.9638942650932589,0.9582826935879216,0.005611571505337309
2025-09-03,24,720,1200.0,median,0.5,0.9557068908169292,0.9582826935879216,-0.0025758027709924525
2025-09-03,24,720,1200.0,median,0.75,0.9398725746614691,0.9582826935879216,-0.0184101189264525
2025-09-03,24,720,1200.0,median,1.0,0.9233469104472788,0.9582826935879216,-0.03493578314064283
2025-09-03,24,1200,inf,mean,0.25,0.949763789981464,0.9582826935879216,-0.008518903606457573
2025-09-03,24,1200,inf,mean,0.5,0.9363700903235185,0.9582826935879216,-0.02191260326440314
2025-09-03,24,1200,inf,mean,0.75,0.9203499123360254,0.9582826935879216,-0.03793278125189625
2025-09-03,24,1200,inf,mean,1.0,0.9033727229879847,0.9582826935879216,-0.054909970599936964
2025-09-03,24,1200,inf,median,0.25,0.9497403835998068,0.9582826935879216,-0.008542309988114782
2025-09-03,24,1200,inf,median,0.5,0.9363063205506688,0.9582826935879216,-0.02197637303725286
2025-09-03,24,1200,inf,median,0.75,0.9202460176446746,0.9582826935879216,-0.038036675943247
2025-09-03,24,1200,inf,median,1.0,0.9032222608134451,0.9582826935879216,-0.055060432774476475
2025-09-04,6,0,360.0,mean,0.25,0.9393689755588637,0.943112106456763,-0.0037431308978993494
2025-09-04,6,0,360.0,mean,0.5,0.9356014891959753,0.943112106456763,-0.007510617260787722
2025-09-04,6,0,360.0,mean,0.75,0.9308106024635368,0.943112106456763,-0.01230150399322627
2025-09-04,6,0,360.0,mean,1.0,0.9327793142933855,0.943112106456763,-0.010332792163377569
2025-09-04,6,0,360.0,median,0.25,0.9393689755588637,0.943112106456763,-0.0037431308978993494
2025-09-04,6,0,360.0,median,0.5,0.9356014891959753,0.943112106456763,-0.007510617260787722
2025-09-04,6,0,360.0,median,0.75,0.9308106024635368,0.943112106456763,-0.01230150399322627
2025-09-04,6,0,360.0,median,1.0,0.9327793142933855,0.943112106456763,-0.010332792163377569
2025-09-04,6,360,720.0,mean,0.25,0.9426836116899271,0.943112106456763,-0.0004284947668359296
2025-09-04,6,360,720.0,mean,0.5,0.9415718033701351,0.943112106456763,-0.0015403030866278922
2025-09-04,6,360,720.0,mean,0.75,0.9397659219683104,0.943112106456763,-0.003346184488452586
2025-09-04,6,360,720.0,mean,1.0,0.9373975096293565,0.943112106456763,-0.005714596827406493
2025-09-04,6,360,720.0,median,0.25,0.9426836116899271,0.943112106456763,-0.0004284947668359296
2025-09-04,6,360,720.0,median,0.5,0.9415718033701351,0.943112106456763,-0.0015403030866278922
2025-09-04,6,360,720.0,median,0.75,0.9397659219683104,0.943112106456763,-0.003346184488452586
2025-09-04,6,360,720.0,median,1.0,0.9373975096293565,0.943112106456763,-0.005714596827406493
2025-09-04,12,0,360.0,mean,0.25,0.9410963166663123,0.943112106456763,-0.002015789790450695
2025-09-04,12,0,360.0,mean,0.5,0.9397230212670571,0.943112106456763,-0.0033890851897059315
2025-09-04,12,0,360.0,mean,0.75,0.933974138278888,0.943112106456763,-0.009137968177875044
2025-09-04,12,0,360.0,mean,1.0,0.9293806945026655,0.943112106456763,-0.01373141195409755
2025-09-04,12,0,360.0,median,0.25,0.9406543186020876,0.943112106456763,-0.0024577878546754306
2025-09-04,12,0,360.0,median,0.5,0.9391942057832008,0.943112106456763,-0.003917900673562236
2025-09-04,12,0,360.0,median,0.75,0.9359332180387208,0.943112106456763,-0.007178888418042262
2025-09-04,12,0,360.0,median,1.0,0.9342619489525769,0.943112106456763,-0.008850157504186162
2025-09-04,12,360,720.0,mean,0.25,0.9437292384755134,0.943112106456763,0.0006171320187503548
2025-09-04,12,360,720.0,mean,0.5,0.9433128214788035,0.943112106456763,0.000200715022040443
2025-09-04,12,360,720.0,mean,0.75,0.9383040841358248,0.943112106456763,-0.004808022320938243
2025-09-04,12,360,720.0,mean,1.0,0.930478357790342,0.943112106456763,-0.012633748666420974
2025-09-04,12,360,720.0,median,0.25,0.9458368116005968,0.943112106456763,0.0027247051438338277
2025-09-04,12,360,720.0,median,0.5,0.94726239546616,0.943112106456763,0.004150289009396957
2025-09-04,12,360,720.0,median,0.75,0.9434299865771794,0.943112106456763,0.0003178801204163362
2025-09-04,12,360,720.0,median,1.0,0.9369207733799875,0.943112106456763,-0.0061913330767755514
2025-09-04,24,0,360.0,mean,0.25,0.9341187706055704,0.943112106456763,-0.008993335851192663
2025-09-04,24,0,360.0,mean,0.5,0.8440978416914141,0.943112106456763,-0.09901426476534891
2025-09-04,24,0,360.0,mean,0.75,0.742044550172777,0.943112106456763,-0.20106755628398598
2025-09-04,24,0,360.0,mean,1.0,0.6790325200991292,0.943112106456763,-0.26407958635763384
2025-09-04,24,0,360.0,median,0.25,0.9341187706055704,0.943112106456763,-0.008993335851192663
2025-09-04,24,0,360.0,median,0.5,0.8440978416914141,0.943112106456763,-0.09901426476534891
2025-09-04,24,0,360.0,median,0.75,0.742044550172777,0.943112106456763,-0.20106755628398598
2025-09-04,24,0,360.0,median,1.0,0.6790325200991292,0.943112106456763,-0.26407958635763384
2025-09-04,24,360,720.0,mean,0.25,0.6466429651456238,0.943112106456763,-0.2964691413111392
2025-09-04,24,360,720.0,mean,0.5,0.5999515975596967,0.943112106456763,-0.3431605088970663
2025-09-04,24,360,720.0,mean,0.75,0.5840906555254544,0.943112106456763,-0.35902145093130866
2025-09-04,24,360,720.0,mean,1.0,0.5761214054818456,0.943112106456763,-0.36699070097491737
2025-09-04,24,360,720.0,median,0.25,0.6418305390432363,0.943112106456763,-0.30128156741352674
2025-09-04,24,360,720.0,median,0.5,0.5974664260613094,0.943112106456763,-0.3456456803954536
2025-09-04,24,360,720.0,median,0.75,0.5824222885282416,0.943112106456763,-0.3606898179285214
2025-09-04,24,360,720.0,median,1.0,0.574866620165146,0.943112106456763,-0.368245486291617
2025-09-04,24,720,1200.0,mean,0.25,0.6570686275621987,0.943112106456763,-0.2860434788945643
2025-09-04,24,720,1200.0,mean,0.5,0.6328130358491046,0.943112106456763,-0.3102990706076584
2025-09-04,24,720,1200.0,mean,0.75,0.6246178746761887,0.943112106456763,-0.31849423178057434
2025-09-04,24,720,1200.0,mean,1.0,0.6205023346555842,0.943112106456763,-0.3226097718011788
2025-09-04,24,720,1200.0,median,0.25,0.6582551517393034,0.943112106456763,-0.28485695471745964
2025-09-04,24,720,1200.0,median,0.5,0.6334190171641811,0.943112106456763,-0.3096930892925819
2025-09-04,24,720,1200.0,median,0.75,0.6250242323399532,0.943112106456763,-0.31808787411680983
2025-09-04,24,720,1200.0,median,1.0,0.6208079232958645,0.943112106456763,-0.3223041831608985
2025-09-04,24,1200,inf,mean,0.25,0.589779281423353,0.943112106456763,-0.35333282503341
2025-09-04,24,1200,inf,mean,0.5,0.5711106564272548,0.943112106456763,-0.37200145002950824
2025-09-04,24,1200,inf,mean,0.75,0.5648107042836227,0.943112106456763,-0.37830140217314034
2025-09-04,24,1200,inf,mean,1.0,0.5616470441388233,0.943112106456763,-0.38146506231793975
2025-09-04,24,1200,inf,median,0.25,0.589779281423353,0.943112106456763,-0.35333282503341
2025-09-04,24,1200,inf,median,0.5,0.5711106564272548,0.943112106456763,-0.37200145002950824
2025-09-04,24,1200,inf,median,0.75,0.5648107042836227,0.943112106456763,-0.37830140217314034
2025-09-04,24,1200,inf,median,1.0,0.5616470441388233,0.943112106456763,-0.38146506231793975
2025-09-04,48,0,360.0,mean,0.25,0.9284443874486961,0.943112106456763,-0.01466771900806696
2025-09-04,48,0,360.0,mean,0.5,0.9346425136884648,0.943112106456763,-0.008469592768298173
2025-09-04,48,0,360.0,mean,0.75,0.9553418068559615,0.943112106456763,0.012229700399198462
2025-09-04,48,0,360.0,mean,1.0,0.9349584460159726,0.943112106456763,-0.008153660440790467
2025-09-04,48,0,360.0,median,0.25,0.9284443874486961,0.943112106456763,-0.01466771900806696
2025-09-04,48,0,360.0,median,0.5,0.9346425136884648,0.943112106456763,-0.008469592768298173
2025-09-04,48,0,360.0,median,0.75,0.9553418068559615,0.943112106456763,0.012229700399198462
2025-09-04,48,0,360.0,median,1.0,0.9349584460159726,0.943112106456763,-0.008153660440790467
2025-09-04,48,360,720.0,mean,0.25,0.8971270354871543,0.943112106456763,-0.04598507096960869
2025-09-04,48,360,720.0,mean,0.5,0.8195400621161462,0.943112106456763,-0.12357204434061686
2025-09-04,48,360,720.0,mean,0.75,0.7687286632312432,0.943112106456763,-0.1743834432255198
2025-09-04,48,360,720.0,mean,1.0,0.7361986810293156,0.943112106456763,-0.2069134254274474
2025-09-04,48,360,720.0,median,0.25,0.8932033796376981,0.943112106456763,-0.049908726819064886
2025-09-04,48,360,720.0,median,0.5,0.8146838855548589,0.943112106456763,-0.1284282209019041
2025-09-04,48,360,720.0,median,0.75,0.7686725316629921,0.943112106456763,-0.17443957479377092
2025-09-04,48,360,720.0,median,1.0,0.7433129320246403,0.943112106456763,-0.1997991744321227
2025-09-04,48,720,1200.0,mean,0.25,0.7857725818260645,0.943112106456763,-0.15733952463069856
2025-09-04,48,720,1200.0,mean,0.5,0.7522504931707084,0.943112106456763,-0.19086161328605467
2025-09-04,48,720,1200.0,mean,0.75,0.7351665596603068,0.943112106456763,-0.20794554679645627
2025-09-04,48,720,1200.0,mean,1.0,0.7252935046095553,0.943112106456763,-0.2178186018472077
2025-09-04,48,720,1200.0,median,0.25,0.7869079704884863,0.943112106456763,-0.15620413596827676
2025-09-04,48,720,1200.0,median,0.5,0.7532407125266086,0.943112106456763,-0.1898713939301544
2025-09-04,48,720,1200.0,median,0.75,0.7359979442848996,0.943112106456763,-0.2071141621718634
2025-09-04,48,720,1200.0,median,1.0,0.7262154234400573,0.943112106456763,-0.21689668301670573
2025-09-04,48,1200,inf,mean,0.25,0.7173753281260721,0.943112106456763,-0.22573677833069095
2025-09-04,48,1200,inf,mean,0.5,0.6773640861939646,0.943112106456763,-0.2657480202627984
2025-09-04,48,1200,inf,mean,0.75,0.6498885673859467,0.943112106456763,-0.29322353907081633
2025-09-04,48,1200,inf,mean,1.0,0.6312605469112867,0.943112106456763,-0.3118515595454763
2025-09-04,48,1200,inf,median,0.25,0.716058909754861,0.943112106456763,-0.22705319670190205
2025-09-04,48,1200,inf,median,0.5,0.6755696917827821,0.943112106456763,-0.2675424146739809
2025-09-04,48,1200,inf,median,0.75,0.6480729143033301,0.943112106456763,-0.2950391921534329
2025-09-04,48,1200,inf,median,1.0,0.6296023384006286,0.943112106456763,-0.3135097680561344
2025-09-05,6,0,360.0,mean,0.25,0.9193201891012273,0.9221173930801292,-0.00279720397890193
2025-09-05,6,0,360.0,mean,0.5,0.9174596291509993,0.9221173930801292,-0.004657763929129866
2025-09-05,6,0,360.0,mean,0.75,0.916267693091162,0.9221173930801292,-0.005849699988967227
2025-09-05,6,0,360.0,mean,1.0,0.9143935289827431,0.9221173930801292,-0.007723864097386124
2025-09-05,6,0,360.0,median,0.25,0.9193201891012273,0.9221173930801292,-0.00279720397890193
2025-09-05,6,0,360.0,median,0.5,0.9174596291509993,0.9221173930801292,-0.004657763929129866
2025-09-05,6,0,360.0,median,0.75,0.916267693091162,0.9221173930801292,-0.005849699988967227
2025-09-05,6,0,360.0,median,1.0,0.9143935289827431,0.9221173930801292,-0.007723864097386124
2025-09-05,6,360,720.0,mean,0.25,0.9052731813363303,0.9221173930801292,-0.01684421174379891
2025-09-05,6,360,720.0,mean,0.5,0.899743901708735,0.9221173930801292,-0.022373491371394216
2025-09-05,6,360,720.0,mean,0.75,0.8974970711793531,0.9221173930801292,-0.02462032190077612
2025-09-05,6,360,720.0,mean,1.0,0.8890693912661187,0.9221173930801292,-0.033048001814010464
2025-09-05,6,360,720.0,median,0.25,0.9052731813363303,0.9221173930801292,-0.01684421174379891
2025-09-05,6,360,720.0,median,0.5,0.899743901708735,0.9221173930801292,-0.022373491371394216
2025-09-05,6,360,720.0,median,0.75,0.8974970711793531,0.9221173930801292,-0.02462032190077612
2025-09-05,6,360,720.0,median,1.0,0.8890693912661187,0.9221173930801292,-0.033048001814010464
2025-09-05,12,0,360.0,mean,0.25,0.9170565436702707,0.9221173930801292,-0.005060849409858514
2025-09-05,12,0,360.0,mean,0.5,0.920381965221397,0.9221173930801292,-0.0017354278587321526
2025-09-05,12,0,360.0,mean,0.75,0.9175480215361234,0.9221173930801292,-0.004569371544005829
2025-09-05,12,0,360.0,mean,1.0,0.9248713299204825,0.9221173930801292,0.0027539368403532993
2025-09-05,12,0,360.0,median,0.25,0.9170565436702707,0.9221173930801292,-0.005060849409858514
2025-09-05,12,0,360.0,median,0.5,0.920381965221397,0.9221173930801292,-0.0017354278587321526
2025-09-05,12,0,360.0,median,0.75,0.9175480215361234,0.9221173930801292,-0.004569371544005829
2025-09-05,12,0,360.0,median,1.0,0.9248713299204825,0.9221173930801292,0.0027539368403532993
2025-09-05,12,360,720.0,mean,0.25,0.9191501647999476,0.9221173930801292,-0.0029672282801815886
2025-09-05,12,360,720.0,mean,0.5,0.9081602127838135,0.9221173930801292,-0.013957180296315652
2025-09-05,12,360,720.0,mean,0.75,0.8972662064856505,0.9221173930801292,-0.024851186594478714
2025-09-05,12,360,720.0,mean,1.0,0.8948683206985745,0.9221173930801292,-0.027249072381554718
2025-09-05,12,360,720.0,median,0.25,0.9174561233797155,0.9221173930801292,-0.004661269700413695
2025-09-05,12,360,720.0,median,0.5,0.9043980939026252,0.9221173930801292,-0.017719299177504033
2025-09-05,12,360,720.0,median,0.75,0.9038393198528543,0.9221173930801292,-0.018278073227274927
2025-09-05,12,360,720.0,median,1.0,0.9003812887187765,0.9221173930801292,-0.02173610436135265
2025-09-05,12,720,1200.0,mean,0.25,0.9224664523584201,0.9221173930801292,0.00034905927829087524
2025-09-05,12,720,1200.0,mean,0.5,0.9316508243130717,0.9221173930801292,0.00953343123294248
2025-09-05,12,720,1200.0,mean,0.75,0.9374984432344371,0.9221173930801292,0.015381050154307907
2025-09-05,12,720,1200.0,mean,1.0,0.9442832654955511,0.9221173930801292,0.022165872415421894
2025-09-05,12,720,1200.0,median,0.25,0.9224664523584201,0.9221173930801292,0.00034905927829087524
2025-09-05,12,720,1200.0,median,0.5,0.9316508243130717,0.9221173930801292,0.00953343123294248
2025-09-05,12,720,1200.0,median,0.75,0.9374984432344371,0.9221173930801292,0.015381050154307907
2025-09-05,12,720,1200.0,median,1.0,0.9442832654955511,0.9221173930801292,0.022165872415421894
2025-09-05,24,0,360.0,mean,0.25,0.9239048479835366,0.9221173930801292,0.0017874549034073706
2025-09-05,24,0,360.0,mean,0.5,0.9255237142119854,0.9221173930801292,0.003406321131856238
2025-09-05,24,0,360.0,mean,0.75,0.9269697834041043,0.9221173930801292,0.004852390323975109
2025-09-05,24,0,360.0,mean,1.0,0.9282389924298331,0.9221173930801292,0.00612159934970391
2025-09-05,24,0,360.0,median,0.25,0.9239048479835366,0.9221173930801292,0.0017874549034073706
2025-09-05,24,0,360.0,median,0.5,0.9255237142119854,0.9221173930801292,0.003406321131856238
2025-09-05,24,0,360.0,median,0.75,0.9269697834041043,0.9221173930801292,0.004852390323975109
2025-09-05,24,0,360.0,median,1.0,0.9282389924298331,0.9221173930801292,0.00612159934970391
2025-09-05,24,360,720.0,mean,0.25,0.9198529121618481,0.9221173930801292,-0.002264480918281131
2025-09-05,24,360,720.0,mean,0.5,0.908688630144293,0.9221173930801292,-0.01342876293583617
2025-09-05,24,360,720.0,mean,0.75,0.8967431552943018,0.9221173930801292,-0.02537423778582737
2025-09-05,24,360,720.0,mean,1.0,0.8937827605228086,0.9221173930801292,-0.028334632557320605
2025-09-05,24,360,720.0,median,0.25,0.9204365329781341,0.9221173930801292,-0.0016808601019950853
2025-09-05,24,360,720.0,median,0.5,0.9095948709504715,0.9221173930801292,-0.012522522129657654
2025-09-05,24,360,720.0,median,0.75,0.9021112164227767,0.9221173930801292,-0.020006176657352492
2025-09-05,24,360,720.0,median,1.0,0.8981249237220272,0.9221173930801292,-0.023992469358101953
2025-09-05,24,720,1200.0,mean,0.25,0.920192177920569,0.9221173930801292,-0.001925215159560234
2025-09-05,24,720,1200.0,mean,0.5,0.9247688399994242,0.9221173930801292,0.0026514469192949752
2025-09-05,24,720,1200.0,mean,0.75,0.9233309191524958,0.9221173930801292,0.0012135260723665775
2025-09-05,24,720,1200.0,mean,1.0,0.9178958800962274,0.9221173930801292,-0.004221512983901832
2025-09-05,24,720,1200.0,median,0.25,0.9218206578205549,0.9221173930801292,-0.0002967352595742989
2025-09-05,24,720,1200.0,median,0.5,0.9283547518791833,0.9221173930801292,0.006237358799054071
2025-09-05,24,720,1200.0,median,0.75,0.926325112156302,0.9221173930801292,0.004207719076172789
2025-09-05,24,720,1200.0,median,1.0,0.9190166091751979,0.9221173930801292,-0.0031007839049312924
2025-09-05,24,1200,inf,mean,0.25,0.9268278434341242,0.9221173930801292,0.004710450353994977
2025-09-05,24,1200,inf,mean,0.5,0.9313950407592367,0.9221173930801292,0.009277647679107548
2025-09-05,24,1200,inf,mean,0.75,0.9398404423784437,0.9221173930801292,0.017723049298314475
2025-09-05,24,1200,inf,mean,1.0,0.9380702548971583,0.9221173930801292,0.01595286181702915
2025-09-05,24,1200,inf,median,0.25,0.927387797018331,0.9221173930801292,0.005270403938201773
2025-09-05,24,1200,inf,median,0.5,0.9291572169333799,0.9221173930801292,0.0070398238532507484
2025-09-05,24,1200,inf,median,0.75,0.9384599177411219,0.9221173930801292,0.01634252466099273
2025-09-05,24,1200,inf,median,1.0,0.9407481501673233,0.9221173930801292,0.018630757087194083
2025-09-05,48,0,360.0,mean,0.25,0.9235498188860518,0.9221173930801292,0.0014324258059226214
2025-09-05,48,0,360.0,mean,0.5,0.8646440655248441,0.9221173930801292,-0.057473327555285114
2025-09-05,48,0,360.0,mean,0.75,0.7606886579119687,0.9221173930801292,-0.16142873516816048
2025-09-05,48,0,360.0,mean,1.0,0.6894539206302625,0.9221173930801292,-0.23266347244986674
2025-09-05,48,0,360.0,median,0.25,0.9235498188860518,0.9221173930801292,0.0014324258059226214
2025-09-05,48,0,360.0,median,0.5,0.8646440655248441,0.9221173930801292,-0.057473327555285114
2025-09-05,48,0,360.0,median,0.75,0.7606886579119687,0.9221173930801292,-0.16142873516816048
2025-09-05,48,0,360.0,median,1.0,0.6894539206302625,0.9221173930801292,-0.23266347244986674
2025-09-05,48,360,720.0,mean,0.25,0.6611339570813368,0.9221173930801292,-0.26098343599879237
2025-09-05,48,360,720.0,mean,0.5,0.6087945696097061,0.9221173930801292,-0.31332282347042306
2025-09-05,48,360,720.0,mean,0.75,0.590326577554772,0.9221173930801292,-0.33179081552535716
2025-09-05,48,360,720.0,mean,1.0,0.580922566454038,0.9221173930801292,-0.34119482662609124
2025-09-05,48,360,720.0,median,0.25,0.6559108702149716,0.9221173930801292,-0.26620652286515756
2025-09-05,48,360,720.0,median,0.5,0.6059374705449889,0.9221173930801292,-0.31617992253514027
2025-09-05,48,360,720.0,median,0.75,0.5883742379272837,0.9221173930801292,-0.33374315515284547
2025-09-05,48,360,720.0,median,1.0,0.5794416980750713,0.9221173930801292,-0.3426756950050579
2025-09-05,48,720,1200.0,mean,0.25,0.6719164173945444,0.9221173930801292,-0.25020097568558475
2025-09-05,48,720,1200.0,mean,0.5,0.6402267724778178,0.9221173930801292,-0.2818906206023114
2025-09-05,48,720,1200.0,mean,0.75,0.6295501976276408,0.9221173930801292,-0.29256719545248844
2025-09-05,48,720,1200.0,mean,1.0,0.6241969086470008,0.9221173930801292,-0.29792048443312835
2025-09-05,48,720,1200.0,median,0.25,0.673437408401828,0.9221173930801292,-0.2486799846783012
2025-09-05,48,720,1200.0,median,0.5,0.6410039055832262,0.9221173930801292,-0.281113487496903
2025-09-05,48,720,1200.0,median,0.75,0.6300708800882692,0.9221173930801292,-0.29204651299186
2025-09-05,48,720,1200.0,median,1.0,0.624588258918823,0.9221173930801292,-0.2975291341613062
2025-09-05,48,1200,inf,mean,0.25,0.582636706470852,0.9221173930801292,-0.3394806866092772
2025-09-05,48,1200,inf,mean,0.5,0.5674579635804119,0.9221173930801292,-0.3546594294997173
2025-09-05,48,1200,inf,mean,0.75,0.5623573883043865,0.9221173930801292,-0.35976000477574266
2025-09-05,48,1200,inf,mean,1.0,0.5598002379272808,0.9221173930801292,-0.36231715515284835
2025-09-05,48,1200,inf,median,0.25,0.5825879330260308,0.9221173930801292,-0.33952946005409834
2025-09-05,48,1200,inf,median,0.5,0.5674337010378598,0.9221173930801292,-0.35468369204226935
2025-09-05,48,1200,inf,median,0.75,0.5623412634197381,0.9221173930801292,-0.3597761296603911
2025-09-05,48,1200,inf,median,1.0,0.5597881690984661,0.9221173930801292,-0.3623292239816631
2025-09-06,6,0,360.0,mean,0.25,0.9305008180349442,0.9282979014948576,0.0022029165400866413
2025-09-06,6,0,360.0,mean,0.5,0.9306123249847915,0.9282979014948576,0.0023144234899339367
2025-09-06,6,0,360.0,mean,0.75,0.9295690083128099,0.9282979014948576,0.0012711068179522833
2025-09-06,6,0,360.0,mean,1.0,0.9295978348624032,0.9282979014948576,0.001299933367545636
2025-09-06,6,0,360.0,median,0.25,0.9305008180349442,0.9282979014948576,0.0022029165400866413
2025-09-06,6,0,360.0,median,0.5,0.9306123249847915,0.9282979014948576,0.0023144234899339367
2025-09-06,6,0,360.0,median,0.75,0.9295690083128099,0.9282979014948576,0.0012711068179522833
2025-09-06,6,0,360.0,median,1.0,0.9295978348624032,0.9282979014948576,0.001299933367545636
2025-09-06,6,360,720.0,mean,0.25,0.9239769105754592,0.9282979014948576,-0.004320990919398415
2025-09-06,6,360,720.0,mean,0.5,0.9206393787210749,0.9282979014948576,-0.00765852277378265
2025-09-06,6,360,720.0,mean,0.75,0.9196671181349885,0.9282979014948576,-0.00863078335986911
2025-09-06,6,360,720.0,mean,1.0,0.9246372327413828,0.9282979014948576,-0.003660668753474816
2025-09-06,6,360,720.0,median,0.25,0.9239769105754592,0.9282979014948576,-0.004320990919398415
2025-09-06,6,360,720.0,median,0.5,0.9206393787210749,0.9282979014948576,-0.00765852277378265
2025-09-06,6,360,720.0,median,0.75,0.9196671181349885,0.9282979014948576,-0.00863078335986911
2025-09-06,6,360,720.0,median,1.0,0.9246372327413828,0.9282979014948576,-0.003660668753474816
2025-09-06,12,0,360.0,mean,0.25,0.931647475687157,0.9282979014948576,0.0033495741922994204
2025-09-06,12,0,360.0,mean,0.5,0.928061935383914,0.9282979014948576,-0.000235966110943564
2025-09-06,12,0,360.0,mean,0.75,0.9200489712517254,0.9282979014948576,-0.008248930243132224
2025-09-06,12,0,360.0,mean,1.0,0.9147269673108995,0.9282979014948576,-0.01357093418395805
2025-09-06,12,0,360.0,median,0.25,0.931647475687157,0.9282979014948576,0.0033495741922994204
2025-09-06,12,0,360.0,median,0.5,0.928061935383914,0.9282979014948576,-0.000235966110943564
2025-09-06,12,0,360.0,median,0.75,0.9200489712517254,0.9282979014948576,-0.008248930243132224
2025-09-06,12,0,360.0,median,1.0,0.9147269673108995,0.9282979014948576,-0.01357093418395805
2025-09-06,12,360,720.0,mean,0.25,0.9233273652586707,0.9282979014948576,-0.004970536236186929
2025-09-06,12,360,720.0,mean,0.5,0.9223567931153585,0.9282979014948576,-0.005941108379499127
2025-09-06,12,360,720.0,mean,0.75,0.923966920759529,0.9282979014948576,-0.00433098073532856
2025-09-06,12,360,720.0,mean,1.0,0.9252304414867445,0.9282979014948576,-0.0030674600081130876
2025-09-06,12,360,720.0,median,0.25,0.9247911435026961,0.9282979014948576,-0.003506757992161491
2025-09-06,12,360,720.0,median,0.5,0.9226741453596778,0.9282979014948576,-0.005623756135179736
2025-09-06,12,360,720.0,median,0.75,0.9265455159364727,0.9282979014948576,-0.0017523855583848613
2025-09-06,12,360,720.0,median,1.0,0.9287967232674088,0.9282979014948576,0.0004988217725512278
2025-09-06,12,720,1200.0,mean,0.25,0.9160641512228883,0.9282979014948576,-0.012233750271969268
2025-09-06,12,720,1200.0,mean,0.5,0.9176689589442595,0.9282979014948576,-0.010628942550598097
2025-09-06,12,720,1200.0,mean,0.75,0.921548244650835,0.9282979014948576,-0.006749656844022622
2025-09-06,12,720,1200.0,mean,1.0,0.9238299557171121,0.9282979014948576,-0.004467945777745452
2025-09-06,12,720,1200.0,median,0.25,0.9160641512228883,0.9282979014948576,-0.012233750271969268
2025-09-06,12,720,1200.0,median,0.5,0.9176689589442595,0.9282979014948576,-0.010628942550598097
2025-09-06,12,720,1200.0,median,0.75,0.921548244650835,0.9282979014948576,-0.006749656844022622
2025-09-06,12,720,1200.0,median,1.0,0.9238299557171121,0.9282979014948576,-0.004467945777745452
2025-09-06,24,0,360.0,mean,0.25,0.9238191061102252,0.9282979014948576,-0.004478795384632361
2025-09-06,24,0,360.0,mean,0.5,0.9201887760488711,0.9282979014948576,-0.00810912544598652
2025-09-06,24,0,360.0,mean,0.75,0.9191712322854431,0.9282979014948576,-0.009126669209414517
2025-09-06,24,0,360.0,mean,1.0,0.9177068431858231,0.9282979014948576,-0.010591058309034507
2025-09-06,24,0,360.0,median,0.25,0.9238191061102252,0.9282979014948576,-0.004478795384632361
2025-09-06,24,0,360.0,median,0.5,0.9201887760488711,0.9282979014948576,-0.00810912544598652
2025-09-06,24,0,360.0,median,0.75,0.9191712322854431,0.9282979014948576,-0.009126669209414517
2025-09-06,24,0,360.0,median,1.0,0.9177068431858231,0.9282979014948576,-0.010591058309034507
2025-09-06,24,360,720.0,mean,0.25,0.9252471318158874,0.9282979014948576,-0.003050769678970222
2025-09-06,24,360,720.0,mean,0.5,0.9261544499282226,0.9282979014948576,-0.0021434515666349796
2025-09-06,24,360,720.0,mean,0.75,0.9263460078011712,0.9282979014948576,-0.001951893693686424
2025-09-06,24,360,720.0,mean,1.0,0.9268897815868882,0.9282979014948576,-0.0014081199079694073
2025-09-06,24,360,720.0,median,0.25,0.9259825737367022,0.9282979014948576,-0.00231532775815535
2025-09-06,24,360,720.0,median,0.5,0.9258840466096412,0.9282979014948576,-0.0024138548852163932
2025-09-06,24,360,720.0,median,0.75,0.924855427014529,0.9282979014948576,-0.003442474480328528
2025-09-06,24,360,720.0,median,1.0,0.9275534812391371,0.9282979014948576,-0.0007444202557205237
2025-09-06,24,720,1200.0,mean,0.25,0.9162649214679974,0.9282979014948576,-0.012032980026860152
2025-09-06,24,720,1200.0,mean,0.5,0.922067755822238,0.9282979014948576,-0.006230145672619591
2025-09-06,24,720,1200.0,mean,0.75,0.9234548710933956,0.9282979014948576,-0.004843030401461945
2025-09-06,24,720,1200.0,mean,1.0,0.9161956064663429,0.9282979014948576,-0.012102295028514676
2025-09-06,24,720,1200.0,median,0.25,0.9161450185176692,0.9282979014948576,-0.012152882977188417
2025-09-06,24,720,1200.0,median,0.5,0.9223279230834889,0.9282979014948576,-0.005969978411368704
2025-09-06,24,720,1200.0,median,0.75,0.9220999861952028,0.9282979014948576,-0.006197915299654744
2025-09-06,24,720,1200.0,median,1.0,0.913655713202135,0.9282979014948576,-0.014642188292722569
2025-09-06,24,1200,inf,mean,0.25,0.93071016946393,0.9282979014948576,0.002412267969072457
2025-09-06,24,1200,inf,mean,0.5,0.9257163466260564,0.9282979014948576,-0.0025815548688011836
2025-09-06,24,1200,inf,mean,0.75,0.9154147933211529,0.9282979014948576,-0.012883108173704638
2025-09-06,24,1200,inf,mean,1.0,0.9011690714966227,0.9282979014948576,-0.02712882999823485
2025-09-06,24,1200,inf,median,0.25,0.9309502797472797,0.9282979014948576,0.0026523782524221495
2025-09-06,24,1200,inf,median,0.5,0.922781918810882,0.9282979014948576,-0.005515982683975573
2025-09-06,24,1200,inf,median,0.75,0.9164602120440042,0.9282979014948576,-0.011837689450853395
2025-09-06,24,1200,inf,median,1.0,0.9049676761353859,0.9282979014948576,-0.023330225359471712
2025-09-06,48,0,360.0,mean,0.25,0.9304621731022572,0.9282979014948576,0.002164271607399626
2025-09-06,48,0,360.0,mean,0.5,0.932529751467619,0.9282979014948576,0.004231849972761381
2025-09-06,48,0,360.0,mean,0.75,0.9344938084721499,0.9282979014948576,0.006195906977292331
2025-09-06,48,0,360.0,mean,1.0,0.9363527654436554,0.9282979014948576,0.008054863948797841
2025-09-06,48,0,360.0,median,0.25,0.9304621731022572,0.9282979014948576,0.002164271607399626
2025-09-06,48,0,360.0,median,0.5,0.932529751467619,0.9282979014948576,0.004231849972761381
2025-09-06,48,0,360.0,median,0.75,0.9344938084721499,0.9282979014948576,0.006195906977292331
2025-09-06,48,0,360.0,median,1.0,0.9363527654436554,0.9282979014948576,0.008054863948797841
2025-09-06,48,360,720.0,mean,0.25,0.9260809603849487,0.9282979014948576,-0.0022169411099088876
2025-09-06,48,360,720.0,mean,0.5,0.925403602226293,0.9282979014948576,-0.0028942992685645486
2025-09-06,48,360,720.0,mean,0.75,0.9269198950689903,0.9282979014948576,-0.001378006425867273
2025-09-06,48,360,720.0,mean,1.0,0.9293595473598907,0.9282979014948576,0.0010616458650331007
2025-09-06,48,360,720.0,median,0.25,0.9262122686721295,0.9282979014948576,-0.002085632822728112
2025-09-06,48,360,720.0,median,0.5,0.9228937740210597,0.9282979014948576,-0.005404127473797926
2025-09-06,48,360,720.0,median,0.75,0.9219105871487392,0.9282979014948576,-0.006387314346118389
2025-09-06,48,360,720.0,median,1.0,0.9235448774858285,0.9282979014948576,-0.004753024009029105
2025-09-06,48,720,1200.0,mean,0.25,0.9282792156601931,0.9282979014948576,-1.8685834664466938e-05
2025-09-06,48,720,1200.0,mean,0.5,0.9302753966001585,0.9282979014948576,0.001977495105300875
2025-09-06,48,720,1200.0,mean,0.75,0.9293517265167603,0.9282979014948576,0.0010538250219027656
2025-09-06,48,720,1200.0,mean,1.0,0.9204049046662903,0.9282979014948576,-0.007892996828567256
2025-09-06,48,720,1200.0,median,0.25,0.9271456791922165,0.9282979014948576,-0.001152222302641115
2025-09-06,48,720,1200.0,median,0.5,0.9323117490171603,0.9282979014948576,0.004013847522302716
2025-09-06,48,720,1200.0,median,0.75,0.9313174631688166,0.9282979014948576,0.0030195616739590037
2025-09-06,48,720,1200.0,median,1.0,0.9222795956638412,0.9282979014948576,-0.006018305831016368
2025-09-06,48,1200,inf,mean,0.25,0.9384828883097086,0.9282979014948576,0.010184986814851027
2025-09-06,48,1200,inf,mean,0.5,0.9436052383819599,0.9282979014948576,0.015307336887102285
2025-09-06,48,1200,inf,mean,0.75,0.940382824020093,0.9282979014948576,0.012084922525235409
2025-09-06,48,1200,inf,mean,1.0,0.9269714365010372,0.9282979014948576,-0.0013264649938203865
2025-09-06,48,1200,inf,median,0.25,0.939839411684722,0.9282979014948576,0.011541510189864379
2025-09-06,48,1200,inf,median,0.5,0.9439037030728834,0.9282979014948576,0.015605801578025824
2025-09-06,48,1200,inf,median,0.75,0.9377228208984052,0.9282979014948576,0.009424919403547616
2025-09-06,48,1200,inf,median,1.0,0.9244675939023305,0.9282979014948576,-0.0038303075925271157
2025-09-07,12,360,720.0,mean,0.25,0.8845390750499817,0.885780884108248,-0.0012418090582662078
2025-09-07,12,360,720.0,mean,0.5,0.8832614536672565,0.885780884108248,-0.0025194304409914547
2025-09-07,12,360,720.0,mean,0.75,0.8822036004375102,0.885780884108248,-0.00357728367073773
2025-09-07,12,360,720.0,mean,1.0,0.881518577559607,0.885780884108248,-0.004262306548640904
2025-09-07,12,360,720.0,median,0.25,0.8847714964952595,0.885780884108248,-0.0010093876129884105
2025-09-07,12,360,720.0,median,0.5,0.8837266544584126,0.885780884108248,-0.0020542296498353707
2025-09-07,12,360,720.0,median,0.75,0.8828950038458269,0.885780884108248,-0.002885880262421092
2025-09-07,12,360,720.0,median,1.0,0.8822879231996575,0.885780884108248,-0.0034929609085904145
2025-09-07,24,360,720.0,mean,0.25,0.8857806409426419,0.885780884108248,-2.431656060952747e-07
2025-09-07,24,360,720.0,mean,0.5,0.8859032209284778,0.885780884108248,0.00012233682022988468
2025-09-07,24,360,720.0,mean,0.75,0.8861085379018138,0.885780884108248,0.0003276537935658075
2025-09-07,24,360,720.0,mean,1.0,0.8861653836879178,0.885780884108248,0.00038449957966979476
2025-09-07,24,360,720.0,median,0.25,0.8858039924628718,0.885780884108248,2.3108354623824212e-05
2025-09-07,24,360,720.0,median,0.5,0.885987147392947,0.885780884108248,0.00020626328469908195
2025-09-07,24,360,720.0,median,0.75,0.8861627209445269,0.885780884108248,0.00038183683627890375
2025-09-07,24,360,720.0,median,1.0,0.8861914970012418,0.885780884108248,0.0004106128929938224
2025-09-07,24,720,1200.0,mean,0.25,0.8816739219488173,0.885780884108248,-0.004106962159430627
2025-09-07,24,720,1200.0,mean,0.5,0.8880147181731914,0.885780884108248,0.002233834064943485
2025-09-07,24,720,1200.0,mean,0.75,0.9009206294144941,0.885780884108248,0.015139745306246177
2025-09-07,24,720,1200.0,mean,1.0,0.9121214143467885,0.885780884108248,0.02634053023854055
2025-09-07,24,720,1200.0,median,0.25,0.8814973982319507,0.885780884108248,-0.004283485876297233
2025-09-07,24,720,1200.0,median,0.5,0.8848330120076063,0.885780884108248,-0.0009478721006416224
2025-09-07,24,720,1200.0,median,0.75,0.8949651641426674,0.885780884108248,0.009184280034419401
2025-09-07,24,720,1200.0,median,1.0,0.9057141798136477,0.885780884108248,0.0199332957053997
2025-09-07,24,1200,inf,mean,0.25,0.8960416882600566,0.885780884108248,0.010260804151808633
2025-09-07,24,1200,inf,mean,0.5,0.9062102876901256,0.885780884108248,0.020429403581877614
2025-09-07,24,1200,inf,mean,0.75,0.9113428848823562,0.885780884108248,0.025562000774108196
2025-09-07,24,1200,inf,mean,1.0,0.9145239002480847,0.885780884108248,0.028743016139836763
2025-09-07,24,1200,inf,median,0.25,0.8960416882600566,0.885780884108248,0.010260804151808633
2025-09-07,24,1200,inf,median,0.5,0.9062102876901256,0.885780884108248,0.020429403581877614
2025-09-07,24,1200,inf,median,0.75,0.9113428848823562,0.885780884108248,0.025562000774108196
2025-09-07,24,1200,inf,median,1.0,0.9145239002480847,0.885780884108248,0.028743016139836763
2025-09-07,48,360,720.0,mean,0.25,0.8856359634671758,0.885780884108248,-0.00014492064107218816
2025-09-07,48,360,720.0,mean,0.5,0.8856349087049183,0.885780884108248,-0.00014597540332961234
2025-09-07,48,360,720.0,mean,0.75,0.8854498180135768,0.885780884108248,-0.0003310660946711508
2025-09-07,48,360,720.0,mean,1.0,0.8854716986420684,0.885780884108248,-0.000309185466179529
2025-09-07,48,360,720.0,median,0.25,0.8858469138813876,0.885780884108248,6.602977313963088e-05
2025-09-07,48,360,720.0,median,0.5,0.886147379028134,0.885780884108248,0.0003664949198860512
2025-09-07,48,360,720.0,median,0.75,0.8863411393315727,0.885780884108248,0.0005602552233247016
2025-09-07,48,360,720.0,median,1.0,0.8867795905371714,0.885780884108248,0.0009987064289234127
2025-09-07,48,720,1200.0,mean,0.25,0.8845688747735052,0.885780884108248,-0.0012120093347427474
2025-09-07,48,720,1200.0,mean,0.5,0.898159803073785,0.885780884108248,0.012378918965537
2025-09-07,48,720,1200.0,mean,0.75,0.9142733987327445,0.885780884108248,0.028492514624496534
2025-09-07,48,720,1200.0,mean,1.0,0.9276608994618505,0.885780884108248,0.04188001535360253
2025-09-07,48,720,1200.0,median,0.25,0.8855040133679635,0.885780884108248,-0.000276870740284485
2025-09-07,48,720,1200.0,median,0.5,0.9011361343905083,0.885780884108248,0.015355250282260369
2025-09-07,48,720,1200.0,median,0.75,0.9179829253429674,0.885780884108248,0.03220204123471948
2025-09-07,48,720,1200.0,median,1.0,0.92926631380099,0.885780884108248,0.04348542969274205
2025-09-07,48,1200,inf,mean,0.25,0.9079632450424768,0.885780884108248,0.022182360934228873
2025-09-07,48,1200,inf,mean,0.5,0.9290839385465006,0.885780884108248,0.043303054438252664
2025-09-07,48,1200,inf,mean,0.75,0.9353148448751383,0.885780884108248,0.04953396076689032
2025-09-07,48,1200,inf,mean,1.0,0.9310321900172445,0.885780884108248,0.04525130590899651
2025-09-07,48,1200,inf,median,0.25,0.9080486268278068,0.885780884108248,0.02226774271955889
2025-09-07,48,1200,inf,median,0.5,0.9304670420137959,0.885780884108248,0.044686157905547974
2025-09-07,48,1200,inf,median,0.75,0.9350906427882659,0.885780884108248,0.04930975868001797
2025-09-07,48,1200,inf,median,1.0,0.9281861773419948,0.885780884108248,0.042405293233746866
